minute,team,type,pressure_team,pressure_level_v1
0,France,Pass,0.0,Low
0,France,Carry,0.00013231013495633765,Low
0,France,Pass,0.0002646202699126753,Low
0,Argentina,Pass,0.0021169621593014024,Low
0,Argentina,Carry,0.00224927229425774,Low
0,Argentina,Pass,0.004101614183646467,Low
0,Argentina,Carry,0.004366234453559143,Low
0,Argentina,Pass,0.00449854458851548,Low
0,Argentina,Carry,0.004763164858428155,Low
0,Argentina,Pass,0.005160095263297169,Low
0,Argentina,Carry,0.005292405398253507,Low
0,Argentina,Pass,0.005689335803122519,Low
0,Argentina,Carry,0.005821645938078857,Low
0,Argentina,Pass,0.005953956073035195,Low
0,Argentina,Carry,0.006086266207991532,Low
0,Argentina,Pass,0.00621857634294787,Low
0,Argentina,Carry,0.0063508864779042076,Low
1,Argentina,Pass,0.008070918232336598,Low
1,Argentina,Pass,0.00846784863720561,Low
1,Argentina,Carry,0.008600158772161947,Low
1,Argentina,Pass,0.00952632971685631,Low
1,Argentina,Carry,0.009658639851812648,Low
1,Argentina,Pass,0.010187880391638,Low
1,Argentina,Carry,0.010452500661550675,Low
1,Argentina,Pass,0.010849431066419687,Low
1,Argentina,Carry,0.010981741201376025,Low
1,Argentina,Pass,0.011114051336332363,Low
1,Argentina,Carry,0.0112463614712887,Low
1,Argentina,Pass,0.011510981741201376,Low
1,France,Carry,0.01190791214607039,Low
1,France,Pass,0.012040222281026726,Low
1,France,Carry,0.012040222281026726,Low
1,France,Pass,0.012304842550939402,Low
1,France,Carry,0.01243715268589574,Low
1,France,Pass,0.01243715268589574,Low
1,France,Pass,0.01521566551997883,Low
1,France,Carry,0.015480285789891506,Low
2,France,Pass,0.016141836464673195,Low
2,France,Carry,0.016274146599629533,Low
2,France,Pass,0.016406456734585868,Low
2,France,Carry,0.016538766869542205,Low
2,Argentina,Pass,0.017332627679280233,Low
2,Argentina,Pass,0.017729558084149246,Low
2,Argentina,Carry,0.01799417835406192,Low
2,Argentina,Pass,0.01799417835406192,Low
2,Argentina,Pass,0.01865572902884361,Low
2,Argentina,Carry,0.01865572902884361,Low
2,Argentina,Carry,0.01905265943371262,Low
2,Argentina,Pass,0.01918496956866896,Low
2,Argentina,Carry,0.019317279703625297,Low
2,Argentina,Pass,0.019449589838581634,Low
2,Argentina,Carry,0.019581899973537972,Low
2,Argentina,Pass,0.019581899973537972,Low
3,France,Pass,0.023948134427097114,Low
3,France,Pass,0.024345064831966128,Low
3,France,Carry,0.024477374966922465,Low
3,Argentina,Pass,0.024609685101878803,Low
3,Argentina,Carry,0.02474199523683514,Low
3,Argentina,Pass,0.02487430537179148,Low
3,Argentina,Carry,0.025006615506747817,Low
3,Argentina,Pass,0.025271235776660492,Low
3,Argentina,Pass,0.028975919555437945,Low
3,Argentina,Pass,0.02924053982535062,Low
3,Argentina,Carry,0.02937284996030696,Low
3,Argentina,Pass,0.029505160095263296,Low
3,Argentina,Carry,0.029637470230219634,Low
3,Argentina,Pass,0.02990209050013231,Low
3,Argentina,Carry,0.030034400635088648,Low
3,Argentina,Pass,0.030166710770044985,Low
3,France,Pass,0.03043133103995766,Low
3,Argentina,Carry,0.030695951309870337,Low
3,Argentina,Pass,0.030695951309870337,Low
3,Argentina,Carry,0.030960571579783012,Low
3,Argentina,Pass,0.031225191849695688,Low
4,Argentina,Carry,0.03175443238952104,Low
4,Argentina,Pass,0.031886742524477374,Low
4,Argentina,Pass,0.032019052659433715,Low
4,Argentina,Carry,0.03215136279439005,Low
4,Argentina,Pass,0.03228367292934639,Low
4,Argentina,Carry,0.03254829319925907,Low
4,Argentina,Pass,0.03347446414395343,Low
4,Argentina,Carry,0.033739084413866104,Low
4,Argentina,Pass,0.03387139454882244,Low
4,France,Carry,0.034268324953691455,Low
4,France,Pass,0.03440063508864779,Low
4,France,Carry,0.03453294522360413,Low
4,France,Pass,0.034665255358560465,Low
4,France,Pass,0.03492987562847314,Low
4,France,Carry,0.03492987562847314,Low
4,Argentina,Pass,0.035194495898385816,Low
4,Argentina,Carry,0.03532680603334215,Low
4,Argentina,Pass,0.03572373643821117,Low
4,France,Pass,0.03598835670812384,Low
4,France,Pass,0.03612066684308018,Low
4,France,Carry,0.03638528711299285,Low
4,France,Pass,0.036517597247949195,Low
4,France,Carry,0.036517597247949195,Low
4,France,Pass,0.03664990738290553,Low
4,Argentina,Pass,0.03678221751786187,Low
4,Argentina,Carry,0.036914527652818205,Low
4,Argentina,Shot,0.037046837787774546,Low
4,France,Pass,0.03823762900238158,Low
4,Argentina,Carry,0.038766869542206935,Low
4,Argentina,Pass,0.03889917967716327,Low
4,France,Carry,0.03903148981211961,Low
4,France,Pass,0.039163799947075945,Low
4,France,Carry,0.039296110082032286,Low
4,France,Pass,0.039296110082032286,Low
4,France,Carry,0.03956073035194496,Low
5,France,Pass,0.039693040486901296,Low
5,France,Carry,0.03982535062185764,Low
5,France,Pass,0.04008997089177031,Low
5,France,Carry,0.04035459116168298,Low
5,France,Pass,0.04048690129663932,Low
5,France,Carry,0.040751521566552,Low
5,France,Pass,0.04088383170150833,Low
5,France,Carry,0.041016141836464674,Low
5,France,Pass,0.041413072241333684,Low
5,France,Pass,0.041942312781159036,Low
5,France,Pass,0.04233924318602805,Low
5,France,Carry,0.04260386345594073,Low
5,France,Pass,0.043265414130722414,Low
5,France,Carry,0.04339772426567875,Low
5,France,Pass,0.04353003440063509,Low
5,France,Carry,0.043662344535591424,Low
5,France,Carry,0.044191585075416775,Low
5,France,Pass,0.04445620534532945,Low
5,France,Carry,0.04472082561524213,Low
5,France,Pass,0.04485313575019847,Low
5,France,Pass,0.045117756020111144,Low
5,France,Carry,0.04525006615506748,Low
5,France,Pass,0.04749933844932522,Low
6,France,Pass,0.047763958719237894,Low
6,France,Carry,0.04802857898915057,Low
6,France,Pass,0.048160889124106904,Low
6,France,Carry,0.048293199259063245,Low
6,France,Pass,0.04855781952897592,Low
6,France,Carry,0.048690129663932255,Low
6,France,Pass,0.048822439798888596,Low
6,France,Carry,0.04908706006880127,Low
6,France,Pass,0.04974861074358296,Low
6,France,Carry,0.05001323101349563,Low
6,France,Pass,0.05027785128340831,Low
6,France,Carry,0.050542471553320985,Low
6,France,Pass,0.051071712093146336,Low
6,France,Carry,0.05120402222810267,Low
6,France,Pass,0.05160095263297169,Low
6,France,Pass,0.0519978830378407,Low
6,France,Carry,0.05213019317279704,Low
6,France,Pass,0.052394813442709715,Low
6,France,Carry,0.05252712357766605,Low
6,France,Carry,0.0530563641174914,Low
6,France,Pass,0.0530563641174914,Low
6,France,Pass,0.05424715533209844,Low
6,France,Carry,0.05437946546705478,Low
6,France,Pass,0.05490870600688013,Low
6,France,Carry,0.055173326276792806,Low
7,France,Pass,0.055570256681661816,Low
7,Argentina,Pass,0.05609949722148717,Low
7,Argentina,Pass,0.0562318073564435,Low
7,Argentina,Carry,0.05662873776131252,Low
7,Argentina,Pass,0.05676104789626885,Low
7,Argentina,Carry,0.056893358031225194,Low
7,Argentina,Pass,0.05702566816618153,Low
7,Argentina,Carry,0.057290288436094204,Low
7,Argentina,Carry,0.057290288436094204,Low
7,Argentina,Pass,0.05755490870600688,Low
7,Argentina,Carry,0.05795183911087589,Low
7,Argentina,Carry,0.05848107965070124,Low
7,Argentina,Pass,0.05848107965070124,Low
7,Argentina,Pass,0.05861338978565758,Low
7,Argentina,Carry,0.05874569992061392,Low
7,Argentina,Pass,0.05887801005557026,Low
7,France,Carry,0.05901032019052659,Low
7,Argentina,Pass,0.05940725059539561,Low
7,Argentina,Carry,0.059539560730351944,Low
7,Argentina,Carry,0.059671870865308285,Low
7,Argentina,Pass,0.05980418100026462,Low
7,Argentina,Carry,0.060068801270177295,Low
7,Argentina,Shot,0.06033342154008997,Low
8,Argentina,Pass,0.0664196877480815,Low
8,Argentina,Pass,0.06681661815295052,Low
8,Argentina,Carry,0.06708123842286319,Low
8,Argentina,Pass,0.06761047896268854,Low
8,Argentina,Carry,0.06774278909764488,Low
8,Argentina,Pass,0.06800740936755756,Low
11,France,Pass,0.0878539296110082,Low
11,France,Pass,0.08838317015083355,Low
11,Argentina,Pass,0.08851548028578989,Low
11,France,Pass,0.08878010055570257,Low
11,France,Pass,0.08904472082561524,Low
11,France,Pass,0.08917703096057158,Low
11,Argentina,Pass,0.08944165123048425,Low
11,Argentina,Carry,0.08944165123048425,Low
11,Argentina,Pass,0.08970627150039694,Low
11,Argentina,Carry,0.08983858163535327,Low
11,Argentina,Pass,0.0899708917703096,Low
11,Argentina,Pass,0.09010320190526594,Low
11,Argentina,Carry,0.09023551204022229,Low
11,Argentina,Pass,0.09036782217517862,Low
11,Argentina,Carry,0.09050013231013496,Low
11,Argentina,Pass,0.09063244244509129,Low
11,Argentina,Carry,0.09076475258004763,Low
11,Argentina,Pass,0.09142630325482932,Low
11,Argentina,Carry,0.09155861338978566,Low
11,Argentina,Pass,0.091690923524742,Low
11,Argentina,Carry,0.09182323365969833,Low
11,Argentina,Pass,0.09208785392961101,Low
11,France,Pass,0.09288171473934903,Low
11,France,Pass,0.09301402487430536,Low
11,Argentina,Pass,0.09341095527917438,Low
11,Argentina,Carry,0.09354326541413072,Low
11,Argentina,Pass,0.09367557554908706,Low
11,Argentina,Carry,0.09394019581899973,Low
11,Argentina,Pass,0.09407250595395607,Low
11,Argentina,Carry,0.09420481608891242,Low
11,Argentina,Pass,0.09433712622386875,Low
11,Argentina,Carry,0.09460174649378142,Low
11,Argentina,Pass,0.0948663667636941,Low
11,Argentina,Carry,0.09513098703360677,Low
12,Argentina,Pass,0.09539560730351945,Low
12,Argentina,Pass,0.09552791743847579,Low
12,Argentina,Carry,0.09552791743847579,Low
12,France,Pass,0.10002646202699127,Low
12,Argentina,Pass,0.10042339243186028,Low
12,France,Carry,0.10095263297168564,Low
12,France,Pass,0.10148187351151099,Low
12,France,Carry,0.10174649378142366,Low
12,France,Pass,0.10174649378142366,Low
12,France,Carry,0.10187880391637999,Low
12,France,Pass,0.10214342418629267,Low
12,France,Carry,0.102275734321249,Low
12,France,Carry,0.10254035459116169,Low
12,France,Pass,0.10293728499603069,Low
13,France,Carry,0.10320190526594337,Low
13,France,Pass,0.10333421540089971,Low
13,France,Carry,0.10346652553585604,Low
13,France,Pass,0.10412807621063773,Low
13,France,Pass,0.10426038634559408,Low
13,France,Carry,0.10426038634559408,Low
13,Argentina,Pass,0.10637734850489547,Low
13,Argentina,Pass,0.10703889917967717,Low
13,Argentina,Pass,0.1071712093146335,Low
13,Argentina,Carry,0.10730351944958984,Low
13,Argentina,Pass,0.10743582958454617,Low
13,Argentina,Carry,0.10756813971950252,Low
13,Argentina,Pass,0.10783275998941519,Low
13,Argentina,Pass,0.10809738025932786,Low
13,Argentina,Pass,0.10809738025932786,Low
13,Argentina,Pass,0.10836200052924054,Low
13,Argentina,Pass,0.10875893093410956,Low
13,Argentina,Carry,0.10889124106906589,Low
13,Argentina,Carry,0.10942048160889124,Low
13,Argentina,Pass,0.10955279174384758,Low
13,Argentina,Carry,0.10968510187880391,Low
13,Argentina,Pass,0.1099497221487166,Low
13,Argentina,Pass,0.11021434241862926,Low
14,France,Pass,0.11458057687218841,Low
14,France,Pass,0.11497750727705743,Low
14,France,Carry,0.11510981741201376,Low
14,France,Pass,0.11537443768192644,Low
14,France,Pass,0.11550674781688278,Low
14,France,Carry,0.11550674781688278,Low
14,France,Carry,0.11563905795183911,Low
14,Argentina,Pass,0.11590367822175178,Low
14,Argentina,Carry,0.11590367822175178,Low
14,Argentina,Carry,0.11603598835670813,Low
14,Argentina,Pass,0.11643291876157713,Low
14,Argentina,Carry,0.11656522889653348,Low
14,Argentina,Pass,0.11669753903148981,Low
14,Argentina,Carry,0.11682984916644615,Low
14,Argentina,Pass,0.11696215930140248,Low
14,Argentina,Carry,0.11722677957131517,Low
14,Argentina,Pass,0.1173590897062715,Low
14,Argentina,Carry,0.11749139984122783,Low
14,Argentina,Pass,0.11762370997618418,Low
14,Argentina,Carry,0.11775602011114052,Low
14,Argentina,Pass,0.11802064038105319,Low
14,Argentina,Pass,0.11828526065096587,Low
14,Argentina,Carry,0.11854988092087854,Low
14,Argentina,Pass,0.11868219105583487,Low
15,Argentina,Carry,0.11907912146070389,Low
15,Argentina,Pass,0.11934374173061657,Low
15,Argentina,Carry,0.1194760518655729,Low
15,Argentina,Pass,0.11960836200052924,Low
15,Argentina,Carry,0.11974067213548557,Low
15,Argentina,Pass,0.11987298227044192,Low
15,Argentina,Carry,0.12000529240539826,Low
15,Argentina,Pass,0.12026991267531092,Low
15,Argentina,Carry,0.12040222281026727,Low
15,Argentina,Pass,0.12053453294522361,Low
15,Argentina,Pass,0.12066684308017994,Low
15,Argentina,Carry,0.12079915321513628,Low
15,Argentina,Pass,0.12185763429478698,Low
15,Argentina,Carry,0.12212225456469966,Low
15,Argentina,Pass,0.12265149510452501,Low
15,Argentina,Carry,0.12291611537443768,Low
15,Argentina,Pass,0.12318073564435035,Low
15,France,Pass,0.1247684572638264,Low
15,France,Pass,0.12529769780365177,Low
15,France,Carry,0.1254300079386081,Low
15,France,Pass,0.12556231807356444,Low
15,France,Carry,0.1258269383434771,Low
15,France,Pass,0.12675310928817146,Low
15,France,Carry,0.1268854194231278,Low
16,France,Pass,0.12701772955808416,Low
16,France,Carry,0.12728234982799683,Low
16,France,Pass,0.12767928023286584,Low
16,France,Carry,0.1279439005027785,Low
16,France,Pass,0.12807621063773486,Low
16,Argentina,Carry,0.12834083090764753,Low
16,Argentina,Pass,0.12847314104260385,Low
16,Argentina,Pass,0.12873776131251655,Low
16,Argentina,Shot,0.12900238158242922,Low
16,France,Pass,0.13363323630590104,Low
16,Argentina,Pass,0.13403016671077003,Low
16,France,Carry,0.13442709711563905,Low
16,France,Pass,0.13469171738555175,Low
17,France,Carry,0.13495633765546441,Low
17,France,Pass,0.13508864779042074,Low
17,France,Carry,0.13535326806033343,Low
17,France,Pass,0.13627943900502779,Low
17,France,Carry,0.13654405927494045,Low
17,France,Pass,0.13694098967980947,Low
17,France,Carry,0.13707329981476582,Low
17,France,Pass,0.13720560994972214,Low
17,France,Carry,0.13760254035459116,Low
17,France,Pass,0.1377348504895475,Low
17,France,Carry,0.13786716062450383,Low
17,France,Pass,0.13799947075946017,Low
17,France,Carry,0.13813178089441652,Low
17,France,Pass,0.1383964011643292,Low
17,France,Carry,0.1385287112992855,Low
17,France,Pass,0.1387933315691982,Low
17,France,Carry,0.13905795183911088,Low
17,France,Pass,0.13971950251389256,Low
17,France,Carry,0.1398518126488489,Low
17,France,Pass,0.1398518126488489,Low
17,France,Carry,0.13998412278380523,Low
17,France,Pass,0.14011643291876158,Low
17,France,Pass,0.14024874305371793,Low
17,France,Carry,0.14024874305371793,Low
17,France,Carry,0.1405133633236306,Low
17,France,Pass,0.14077798359354327,Low
17,France,Pass,0.142630325482932,Low
18,France,Carry,0.14289494575284467,Low
18,France,Pass,0.14302725588780102,Low
18,France,Carry,0.14315956602275734,Low
18,France,Pass,0.1432918761577137,Low
18,France,Carry,0.14355649642762636,Low
18,France,Pass,0.14395342683249537,Low
18,France,Pass,0.14395342683249537,Low
18,France,Carry,0.14421804710240804,Low
19,France,Pass,0.15096586398518128,Low
19,Argentina,Pass,0.15374437681926437,Low
19,Argentina,Pass,0.15414130722413336,Low
19,Argentina,Carry,0.1542736173590897,Low
19,Argentina,Pass,0.15453823762900237,Low
19,Argentina,Carry,0.15480285789891507,Low
19,Argentina,Pass,0.15506747816882774,Low
19,Argentina,Carry,0.15519978830378406,Low
19,Argentina,Pass,0.15559671870865308,Low
19,Argentina,Carry,0.15572902884360942,Low
19,Argentina,Pass,0.15586133897856574,Low
19,Argentina,Carry,0.15612595924847844,Low
19,Argentina,Pass,0.1563905795183911,Low
19,Argentina,Pass,0.15652288965334746,Low
19,Argentina,Carry,0.15665519978830378,Low
19,Argentina,Pass,0.15678750992326013,Low
19,Argentina,Carry,0.1570521301931728,Low
19,Argentina,Pass,0.1570521301931728,Low
19,Argentina,Carry,0.15731675046308546,Low
19,Argentina,Pass,0.1574490605980418,Low
19,Argentina,Carry,0.15771368086795448,Low
19,Argentina,Pass,0.15824292140777985,Low
19,Argentina,Carry,0.15837523154273617,Low
19,Argentina,Pass,0.15863985181264884,Low
20,Argentina,Carry,0.15877216194760518,Low
20,Argentina,Pass,0.15890447208256153,Low
20,Argentina,Carry,0.1591690923524742,Low
20,Argentina,Pass,0.15943371262238687,Low
20,Argentina,Carry,0.15956602275734322,Low
20,Argentina,Pass,0.15969833289229954,Low
20,Argentina,Carry,0.1598306430272559,Low
20,Argentina,Pass,0.16009526329716856,Low
20,Argentina,Carry,0.1602275734321249,Low
20,Argentina,Pass,0.16049219370203757,Low
20,Argentina,Carry,0.16062450383699392,Low
20,Argentina,Pass,0.16075681397195024,Low
20,Argentina,Carry,0.16102143424186294,Low
20,Argentina,Pass,0.16141836464673193,Low
20,Argentina,Carry,0.16155067478168827,Low
20,Argentina,Pass,0.16181529505160094,Low
20,Argentina,Carry,0.16207991532151364,Low
20,Argentina,Pass,0.16221222545646996,Low
20,Argentina,Carry,0.16247684572638263,Low
20,Argentina,Pass,0.16274146599629533,Low
20,Argentina,Pass,0.16287377613125165,Low
20,Argentina,Carry,0.163006086266208,Low
20,Argentina,Pass,0.16313839640116434,Low
20,Argentina,Carry,0.16327070653612066,Low
20,Argentina,Pass,0.16353532680603333,Low
20,Argentina,Carry,0.16366763694098968,Low
20,Argentina,Pass,0.16379994707594603,Low
20,Argentina,Carry,0.16393225721090235,Low
20,Argentina,Pass,0.1640645673458587,Low
20,Argentina,Carry,0.16419687748081502,Low
20,Argentina,Pass,0.16472611802064038,Low
20,Argentina,Pass,0.16472611802064038,Low
20,Argentina,Carry,0.16525535856046572,Low
20,Argentina,Carry,0.16551997883037842,Low
22,Argentina,Shot,0.1778248213813178,Low
23,France,Pass,0.37576078327599893,Medium
23,France,Pass,0.37655464408573697,Medium
23,France,Carry,0.3770838846255623,Medium
23,France,Pass,0.377348504895475,Medium
23,France,Carry,0.37761312516538764,Medium
23,France,Pass,0.37814236570521303,Medium
23,France,Carry,0.3786716062450384,Medium
23,France,Pass,0.37893622651495107,Medium
23,France,Carry,0.3794654670547764,Medium
23,France,Pass,0.37973008732468905,Medium
24,France,Pass,0.38184704948399045,Medium
24,France,Carry,0.38211166975390315,Medium
24,France,Pass,0.3826409102937285,Medium
24,France,Carry,0.3826409102937285,Medium
24,France,Pass,0.38422863191320455,Medium
24,Argentina,Carry,0.19224662609155863,Low
24,Argentina,Pass,0.19237893622651495,Low
24,Argentina,Carry,0.1925112463614713,Low
24,Argentina,Carry,0.19264355649642761,Low
24,Argentina,Pass,0.19277586663138396,Low
24,Argentina,Carry,0.1929081767663403,Low
24,Argentina,Pass,0.19304048690129663,Low
24,Argentina,Pass,0.193569727441122,Low
24,Argentina,Pass,0.1974067213548558,Low
24,France,Carry,0.3950780629796242,Medium
24,France,Pass,0.3953426832495369,Medium
25,France,Pass,0.396930404869013,Medium
25,France,Carry,0.39772426567875097,Medium
25,France,Pass,0.3987827467584017,Medium
25,France,Carry,0.3990473670283144,Medium
25,France,Pass,0.40037046837787776,Medium
25,France,Carry,0.4008997089177031,Medium
25,France,Pass,0.4008997089177031,Medium
25,France,Pass,0.4011643291876158,Medium
25,Argentina,Pass,0.20071447472876422,Low
25,Argentina,Carry,0.20084678486372057,Low
25,Argentina,Pass,0.20111140513363324,Low
25,Argentina,Pass,0.20124371526858958,Low
25,Argentina,Carry,0.2013760254035459,Low
25,Argentina,Pass,0.20150833553850225,Low
25,Argentina,Carry,0.20164064567345857,Low
25,Argentina,Carry,0.20216988621328394,Low
25,Argentina,Pass,0.2023021963482403,Low
25,France,Pass,0.4051336332363059,Medium
25,France,Carry,0.40539825350621855,Medium
26,France,Pass,0.4255093940195819,Medium
28,Argentina,Pass,0.22466260915586134,Low
28,France,Pass,0.4501190791214607,Medium
28,Argentina,Carry,0.22532415983064302,Low
28,Argentina,Pass,0.22545646996559937,Low
28,Argentina,Carry,0.22572109023551204,Low
29,Argentina,Pass,0.2304842550939402,Low
29,France,Pass,0.47049483990473673,Medium
29,France,Pass,0.4712887007144747,Medium
29,France,Pass,0.4718179412543001,Medium
29,Argentina,Pass,0.23590897062715005,Low
29,France,Carry,0.4718179412543001,Medium
29,Argentina,Pass,0.23604128076210637,Low
29,Argentina,Carry,0.23617359089706272,Low
29,Argentina,Pass,0.23657052130193174,Low
29,Argentina,Carry,0.2368351415718444,Low
29,Argentina,Pass,0.23736438211166974,Low
29,Argentina,Pass,0.2374966922466261,Low
29,Argentina,Carry,0.23762900238158244,Low
30,Argentina,Pass,0.23815824292140778,Low
30,Argentina,Pass,0.23829055305636412,Low
30,Argentina,Carry,0.23829055305636412,Low
30,Argentina,Pass,0.2385551733262768,Low
30,France,Pass,0.48293199259063246,Medium
30,France,Pass,0.4834612331304578,Medium
30,Argentina,Pass,0.24186292670018522,Low
30,France,Pass,0.48399047367028314,Medium
30,France,Pass,0.4845197142101085,Medium
30,Argentina,Carry,0.2423921672400106,Low
30,Argentina,Pass,0.24318602804974862,Low
30,Argentina,Carry,0.2434506483196613,Low
30,Argentina,Pass,0.2438475787245303,Low
30,Argentina,Carry,0.24411219899444297,Low
30,Argentina,Pass,0.24437681926435564,Low
30,Argentina,Carry,0.2446414395342683,Low
30,Argentina,Pass,0.24477374966922466,Low
30,Argentina,Carry,0.24503836993913733,Low
30,Argentina,Pass,0.2455676104789627,Low
30,Argentina,Carry,0.24569992061391902,Low
30,Argentina,Carry,0.24569992061391902,Low
30,Argentina,Pass,0.2459645408838317,Low
31,Argentina,Pass,0.24609685101878803,Low
31,Argentina,Carry,0.24649378142365705,Low
31,Argentina,Pass,0.2466260915586134,Low
31,Argentina,Carry,0.24675840169356972,Low
31,Argentina,Pass,0.24702302196348241,Low
31,Argentina,Carry,0.24715533209843873,Low
31,Argentina,Pass,0.24728764223339508,Low
31,Argentina,Carry,0.2474199523683514,Low
31,Argentina,Pass,0.24794919290817677,Low
31,Argentina,Carry,0.2484784334480021,Low
31,Argentina,Pass,0.2491399841227838,Low
31,Argentina,Carry,0.2494046043926965,Low
31,Argentina,Pass,0.2494046043926965,Low
31,Argentina,Carry,0.2495369145276528,Low
31,Argentina,Pass,0.24966922466260916,Low
31,Argentina,Carry,0.25006615506747815,Low
31,Argentina,Pass,0.25033077533739084,Low
31,Argentina,Pass,0.2504630854723472,Low
31,Argentina,Shot,0.25072770574225983,Low
32,France,Pass,0.5091293993119873,Medium
32,Argentina,Pass,0.25482931992590635,Low
32,Argentina,Carry,0.25496163006086264,Low
32,Argentina,Carry,0.25562318073564433,Low
32,Argentina,Pass,0.2557554908706007,Low
32,Argentina,Carry,0.255887801005557,Low
32,Argentina,Pass,0.256284731410426,Low
32,Argentina,Pass,0.256284731410426,Low
32,Argentina,Carry,0.25641704154538236,Low
32,Argentina,Pass,0.2565493516803387,Low
32,Argentina,Carry,0.25668166181529506,Low
32,Argentina,Pass,0.2568139719502514,Low
32,France,Pass,0.5144218047102408,Medium
32,Argentina,Carry,0.25760783275998944,Low
32,Argentina,Pass,0.25774014289494573,Low
32,Argentina,Carry,0.2578724530299021,Low
32,Argentina,Pass,0.2581370732998148,Low
32,Argentina,Pass,0.2582693834347711,Low
32,Argentina,Carry,0.2584016935697274,Low
32,Argentina,Pass,0.25853400370468377,Low
32,Argentina,Pass,0.25879862397459646,Low
32,Argentina,Carry,0.2589309341095528,Low
32,Argentina,Pass,0.2590632442445091,Low
32,Argentina,Pass,0.25919555437946545,Low
32,Argentina,Carry,0.25919555437946545,Low
32,Argentina,Carry,0.25946017464937815,Low
32,France,Pass,0.5236835141571844,Medium
33,Argentina,Carry,0.2621063773485049,Low
33,Argentina,Pass,0.2621063773485049,Low
33,Argentina,Pass,0.26223868748346124,Low
33,Argentina,Carry,0.2623709976184176,Low
33,France,Pass,0.5250066155067478,Medium
33,France,Carry,0.5252712357766605,Medium
33,Argentina,Carry,0.2627679280232866,Low
33,Argentina,Pass,0.2630325482931993,Low
33,France,Pass,0.5263297168563112,Medium
33,France,Pass,0.5271235776660492,Medium
33,Argentina,Pass,0.26409102937284995,Low
33,Argentina,Carry,0.26435564964276265,Low
33,Argentina,Pass,0.264487959777719,Low
33,Argentina,Carry,0.26475258004763164,Low
33,Argentina,Carry,0.264884890182588,Low
33,Argentina,Pass,0.264884890182588,Low
33,Argentina,Pass,0.265281820587457,Low
33,Argentina,Carry,0.2654141307224133,Low
33,Argentina,Pass,0.26620799153215136,Low
33,Argentina,Carry,0.26647261180206405,Low
33,Argentina,Pass,0.26686954220693304,Low
33,Argentina,Carry,0.26713416247684574,Low
33,Argentina,Pass,0.2672664726118021,Low
33,Argentina,Carry,0.2673987827467584,Low
33,Argentina,Pass,0.2675310928817147,Low
33,Argentina,Carry,0.26792802328658377,Low
33,Argentina,Pass,0.2681926435564964,Low
33,Argentina,Carry,0.26832495369145276,Low
33,Argentina,Pass,0.2684572638264091,Low
33,Argentina,Pass,0.26858957396136546,Low
33,Argentina,Carry,0.26858957396136546,Low
33,Argentina,Pass,0.2688541942312781,Low
33,Argentina,Carry,0.26898650436623445,Low
33,Argentina,Pass,0.26925112463614714,Low
33,Argentina,Carry,0.2693834347711035,Low
33,Argentina,Pass,0.2695157449060598,Low
33,Argentina,Carry,0.26964805504101613,Low
34,Argentina,Pass,0.2700449854458852,Low
34,Argentina,Carry,0.27017729558084147,Low
34,Argentina,Pass,0.27044191585075417,Low
34,Argentina,Carry,0.2705742259857105,Low
34,Argentina,Pass,0.27070653612066686,Low
34,Argentina,Carry,0.2709711563905795,Low
34,Argentina,Pass,0.27136808679544855,Low
34,Argentina,Carry,0.27176501720031754,Low
34,Argentina,Pass,0.2721619476051866,Low
34,Argentina,Carry,0.2722942577401429,Low
34,France,Pass,0.5448531357501984,Medium
34,Argentina,Carry,0.27255887801005557,Low
34,Argentina,Pass,0.27282349827996827,Low
34,Argentina,Carry,0.27295580841492456,Low
34,Argentina,Pass,0.27322042868483726,Low
34,Argentina,Carry,0.2733527388197936,Low
34,Argentina,Pass,0.27361735908970625,Low
34,Argentina,Carry,0.2737496692246626,Low
34,Argentina,Pass,0.27388197935961894,Low
34,Argentina,Carry,0.2740142894945753,Low
34,Argentina,Pass,0.2744112198994443,Low
34,Argentina,Carry,0.27454353003440063,Low
34,Argentina,Pass,0.274675840169357,Low
34,Argentina,Carry,0.2749404604392697,Low
34,Argentina,Pass,0.275469700979095,Low
34,Argentina,Pass,0.275866631383964,Medium
34,Argentina,Carry,0.27599894151892035,Medium
34,Argentina,Pass,0.27639587192378934,Medium
34,Argentina,Carry,0.27666049219370203,Medium
34,Argentina,Pass,0.2767928023286584,Medium
34,Argentina,Carry,0.2767928023286584,Medium
34,Argentina,Pass,0.27718973273352737,Medium
34,Argentina,Pass,0.2773220428684837,Medium
34,Argentina,Carry,0.2773220428684837,Medium
35,France,Pass,0.5559671870865308,Medium
35,France,Carry,0.5564964276263562,Medium
35,Argentina,Pass,0.27851283408309074,Medium
35,Argentina,Pass,0.2786451442180471,Medium
35,France,Carry,0.5583487695157449,Medium
35,France,Pass,0.5586133897856576,Medium
35,Argentina,Pass,0.2794390050277851,Medium
35,Argentina,Pass,0.2797036252976978,Medium
35,Argentina,Pass,0.2798359354326541,Medium
35,Argentina,Carry,0.2798359354326541,Medium
35,Argentina,Carry,0.2801005557025668,Medium
35,Argentina,Pass,0.2801005557025668,Medium
35,Argentina,Pass,0.28049748610743586,Medium
35,Argentina,Shot,0.2807621063773485,Medium
36,France,Pass,0.8784069859751258,Medium
36,France,Pass,0.8792008467848637,Medium
36,France,Carry,0.8799947075946017,Medium
37,France,Pass,0.8811854988092087,Medium
37,France,Carry,0.8819793596189468,Medium
37,France,Pass,0.8823762900238159,Medium
37,France,Carry,0.8827732204286849,Medium
37,France,Pass,0.886742524477375,Medium
37,France,Carry,0.887139454882244,Medium
37,Argentina,Carry,0.2959777718973273,Medium
37,Argentina,Pass,0.2961100820322837,Medium
37,Argentina,Pass,0.29624239216724,Medium
37,Argentina,Carry,0.29637470230219637,Medium
37,Argentina,Pass,0.29650701243715266,Medium
37,Argentina,Carry,0.296639322572109,Medium
37,Argentina,Pass,0.2969039428420217,Medium
37,Argentina,Carry,0.29703625297697805,Medium
37,Argentina,Pass,0.29703625297697805,Medium
37,Argentina,Pass,0.29716856311193435,Medium
37,Argentina,Carry,0.2973008732468907,Medium
37,Argentina,Pass,0.29743318338184704,Medium
37,Argentina,Carry,0.2975654935168034,Medium
37,Argentina,Pass,0.29769780365175974,Medium
37,Argentina,Carry,0.2978301137867161,Medium
37,Argentina,Pass,0.2979624239216724,Medium
37,Argentina,Carry,0.2982270441915851,Medium
37,Argentina,Pass,0.2987562847314104,Medium
37,Argentina,Carry,0.29888859486636676,Medium
37,Argentina,Pass,0.2990209050013231,Medium
37,Argentina,Carry,0.29928552527123575,Medium
37,Argentina,Pass,0.2994178354061921,Medium
37,Argentina,Carry,0.29955014554114845,Medium
37,Argentina,Pass,0.29994707594601744,Medium
37,Argentina,Carry,0.3000793860809738,Medium
37,Argentina,Pass,0.30021169621593013,Medium
37,Argentina,Carry,0.3003440063508865,Medium
38,Argentina,Pass,0.3032548293199259,Medium
38,Argentina,Pass,0.3036517597247949,Medium
38,Argentina,Carry,0.30378406985975126,Medium
38,Argentina,Pass,0.3039163799947076,Medium
38,Argentina,Carry,0.30404869012966396,Medium
38,Argentina,Pass,0.3043133103995766,Medium
38,Argentina,Pass,0.3043133103995766,Medium
38,France,Pass,0.9137337920084678,Medium
38,France,Pass,0.9137337920084678,Medium
38,France,Carry,0.9145276528182058,Medium
38,France,Pass,0.9153215136279439,Medium
38,France,Carry,0.9153215136279439,Medium
38,Argentina,Carry,0.305239481344271,Medium
38,Argentina,Pass,0.3055041016141836,Medium
38,Argentina,Carry,0.3057687218840963,Medium
38,France,Carry,0.918100026462027,Medium
38,France,Pass,0.9188938872717649,Medium
38,France,Carry,0.9196877480815031,Medium
38,France,Pass,0.9204816088912411,Medium
38,France,Carry,0.9212754697009791,Medium
38,France,Pass,0.9236570521301932,Medium
38,France,Pass,0.9240539825350622,Medium
38,France,Carry,0.9244509129399312,Medium
38,France,Pass,0.9248478433448002,Medium
38,France,Carry,0.9252447737496692,Medium
38,France,Pass,0.9256417041545382,Medium
38,France,Carry,0.9264355649642764,Medium
38,France,Pass,0.9272294257740142,Medium
38,France,Carry,0.9280232865837523,Medium
39,France,Pass,0.9296110082032283,Medium
39,France,Carry,0.9300079386080974,Medium
39,France,Pass,0.9304048690129665,Medium
39,France,Pass,0.9308017994178355,Medium
39,Argentina,Pass,0.3103995766075681,Medium
39,Argentina,Pass,0.31053188674252447,Medium
39,Argentina,Pass,0.3106641968774808,Medium
39,Argentina,Carry,0.31079650701243716,Medium
39,Argentina,Pass,0.3109288171473935,Medium
39,Argentina,Carry,0.3110611272823498,Medium
39,Argentina,Pass,0.31145805768721885,Medium
39,Argentina,Carry,0.3115903678221752,Medium
39,Argentina,Pass,0.3117226779571315,Medium
39,Argentina,Carry,0.31185498809208784,Medium
39,Argentina,Pass,0.3119872982270442,Medium
39,Argentina,Carry,0.3122519184969569,Medium
39,Argentina,Pass,0.31238422863191323,Medium
39,Argentina,Carry,0.31264884890182587,Medium
39,Argentina,Pass,0.3130457793066949,Medium
39,Argentina,Pass,0.3131780894416512,Medium
39,Argentina,Carry,0.31331039957660756,Medium
39,Argentina,Pass,0.3134427097115639,Medium
39,Argentina,Carry,0.3138396401164329,Medium
39,Argentina,Pass,0.31397195025138924,Medium
39,France,Pass,0.9427097115639058,Medium
39,France,Pass,0.9431066419687748,Medium
39,France,Pass,0.9435035723736438,Medium
39,France,Carry,0.9435035723736438,Medium
39,France,Pass,0.9446943635882509,Medium
39,Argentina,Pass,0.3152950516009526,Medium
39,Argentina,Pass,0.3155596718708653,Medium
39,Argentina,Carry,0.31569198200582166,Medium
39,Argentina,Pass,0.316221222545647,Medium
39,Argentina,Pass,0.31635353268060334,Medium
39,Argentina,Pass,0.3164858428155597,Medium
39,Argentina,Carry,0.3164858428155597,Medium
39,France,Pass,0.949854458851548,Medium
39,Argentina,Pass,0.3171473934903414,Medium
39,Argentina,Pass,0.317412013760254,Medium
40,Argentina,Pass,0.3176766340301667,Medium
40,Argentina,Carry,0.31780894416512306,Medium
40,Argentina,Pass,0.3179412543000794,Medium
40,Argentina,Carry,0.3183381847049484,Medium
40,Argentina,Pass,0.31847049483990475,Medium
40,Argentina,Carry,0.3187351151098174,Medium
41,Argentina,Pass,0.3262767928023287,Medium
41,Argentina,Pass,0.3290553056364118,Medium
41,Argentina,Carry,0.32945223604128077,Medium
41,Argentina,Pass,0.3299814765811061,Medium
41,Argentina,Carry,0.33011378671606245,Medium
41,Argentina,Pass,0.33037840698597515,Medium
41,Argentina,Carry,0.33051071712093144,Medium
42,Argentina,Pass,0.33500926170944695,Medium
42,Argentina,Carry,0.33527388197935964,Medium
42,Argentina,Pass,0.33540619211431594,Medium
42,Argentina,Carry,0.3355385022492723,Medium
42,Argentina,Pass,0.33593543265414133,Medium
42,Argentina,Carry,0.33620005292405397,Medium
42,Argentina,Pass,0.33646467319396667,Medium
42,Argentina,Carry,0.336993913733792,Medium
42,France,Carry,1.012569462820852,High
42,France,Pass,1.0133633236305901,High
42,France,Carry,1.0133633236305901,High
43,France,Pass,1.0256681661815295,High
43,Argentina,Pass,0.3425509394019582,Medium
43,Argentina,Carry,0.34268324953691454,Medium
43,Argentina,Pass,0.3429478698068272,Medium
43,France,Pass,1.0292405398253506,High
43,France,Carry,1.0296374702302196,High
43,Argentina,Pass,0.34347711034665257,Medium
43,France,Carry,1.0316221222545647,High
43,France,Carry,1.0316221222545647,High
43,France,Pass,1.0320190526594337,High
43,France,Carry,1.0324159830643027,High
43,France,Pass,1.0328129134691717,High
43,France,Carry,1.0332098438740407,High
43,France,Pass,1.0363852871129928,High
43,France,Pass,1.036782217517862,High
43,France,Carry,1.036782217517862,High
43,France,Carry,1.0371791479227308,High
43,France,Pass,1.0375760783275998,High
43,France,Carry,1.038369939137338,High
43,France,Pass,1.040751521566552,High
43,France,Carry,1.0411484519714211,High
43,France,Pass,1.042339243186028,High
43,France,Carry,1.043133103995766,High
43,France,Pass,1.043926964805504,High
43,France,Carry,1.0447208256152423,High
43,France,Pass,1.0474993384493252,High
44,France,Carry,1.0478962688541942,High
44,France,Pass,1.0482931992590632,High
44,France,Carry,1.0490870600688014,High
44,France,Pass,1.0506747816882773,High
44,France,Pass,1.0566287377613124,High
44,France,Carry,1.0570256681661816,High
44,France,Pass,1.0582164593807886,High
44,France,Carry,1.0586133897856576,High
44,France,Pass,1.0590103201905265,High
44,France,Carry,1.0594072505953958,High
44,France,Pass,1.0598041810002647,High
44,France,Carry,1.0605980418100027,High
44,France,Pass,1.0625826938343477,High
44,France,Carry,1.0629796242392167,High
44,France,Pass,1.0637734850489549,High
44,Argentina,Pass,0.3547234718179412,Medium
44,Argentina,Carry,0.3548557819528976,Medium
44,France,Carry,1.0653612066684308,High
44,France,Carry,1.0653612066684308,High
44,France,Pass,1.0657581370732998,High
44,France,Carry,1.066155067478169,High
44,Argentina,Pass,0.35617888330246095,Medium
44,France,Pass,1.068933580312252,High
44,Argentina,Pass,0.35644350357237364,Medium
44,Argentina,Carry,0.35657581370733,Medium
44,Argentina,Pass,0.356972744112199,Medium
45,Argentina,Pass,0.3572373643821117,Medium
45,Argentina,Carry,0.357369674517068,Medium
45,Argentina,Carry,0.357369674517068,Medium
45,Argentina,Pass,0.3575019846520243,Medium
45,Argentina,Pass,0.35763429478698067,Medium
45,Argentina,Carry,0.35763429478698067,Medium
45,Argentina,Pass,0.357766604921937,Medium
45,Argentina,Carry,0.35789891505689336,Medium
45,France,Pass,1.07369674517068,High
45,Argentina,Pass,0.3580312251918497,Medium
45,Argentina,Carry,0.35816353532680606,Medium
45,Argentina,Pass,0.35829584546176235,Medium
45,Argentina,Carry,0.3584281555967187,Medium
45,Argentina,Pass,0.3586927758666314,Medium
45,Argentina,Carry,0.35882508600158775,Medium
45,Argentina,Pass,0.35895739613654404,Medium
45,Argentina,Carry,0.3590897062715004,Medium
45,Argentina,Pass,0.3598835670812384,Medium
45,Argentina,Carry,0.3601481873511511,Medium
45,Argentina,Pass,0.3602804974861074,Medium
45,Argentina,Pass,0.3602804974861074,Medium
45,Argentina,Carry,0.36041280762106376,Medium
45,Argentina,Pass,0.3605451177560201,Medium
45,France,Pass,1.0820322836729295,High
45,Argentina,Carry,0.3608097380259328,Medium
45,France,Pass,1.0828261444826675,High
45,Argentina,Pass,0.36107435829584544,Medium
45,Argentina,Carry,0.36107435829584544,Medium
45,Argentina,Carry,0.36133897856575814,Medium
45,Argentina,Pass,0.3614712887007145,Medium
45,Argentina,Pass,0.36160359883567084,Medium
45,Argentina,Carry,0.36160359883567084,Medium
45,Argentina,Carry,0.36173590897062713,Medium
45,Argentina,Pass,0.3618682191055835,Medium
45,Argentina,Pass,0.3620005292405398,Medium
45,Argentina,Carry,0.3622651495104525,Medium
45,Argentina,Pass,0.3623974596454088,Medium
45,Argentina,Carry,0.36252976978036516,Medium
45,Argentina,Pass,0.3626620799153215,Medium
45,France,Pass,1.0887801005557027,High
45,Argentina,Carry,0.3629267001852342,Medium
45,Argentina,Pass,0.3630590103201905,Medium
45,France,Carry,1.0895739613654405,High
45,France,Pass,1.0907647525800477,High
45,France,Carry,1.0911616829849167,High
45,France,Pass,1.0923524741995236,High
45,France,Carry,1.0927494046043926,High
45,France,Pass,1.0931463350092618,High
45,France,Carry,1.0939401958189996,High
45,France,Pass,1.0947340566287378,High
45,France,Pass,1.0951309870336068,High
46,France,Carry,1.0959248478433448,High
46,France,Pass,1.099100291082297,High
46,France,Carry,1.0994972214871659,High
46,France,Pass,1.0998941518920349,High
46,France,Carry,1.1002910822969039,High
46,France,Pass,1.101084943106642,High
46,France,Carry,1.1018788039163798,High
46,France,Pass,1.102672664726118,High
46,France,Carry,1.103069595130987,High
46,France,Pass,1.1034665255358562,High
46,France,Carry,1.103863455940725,High
46,France,Pass,1.104260386345594,High
46,France,Carry,1.1054511775602012,High
46,France,Pass,1.1062450383699391,High
46,France,Carry,1.1062450383699391,High
46,Argentina,Pass,0.36874834612331303,Medium
46,France,Carry,1.1066419687748081,High
46,France,Pass,1.1070388991796771,High
46,France,Carry,1.1078327599894153,High
46,France,Pass,1.108229690394284,High
46,France,Carry,1.1098174120137603,High
46,France,Pass,1.1118020640381054,High
46,France,Pass,1.1129928552527124,High
46,France,Carry,1.1129928552527124,High
46,France,Pass,1.1149775072770574,High
46,France,Carry,1.1153744376819263,High
46,France,Pass,1.1161682984916643,High
46,France,Carry,1.1165652288965333,High
46,France,Pass,1.1173590897062715,High
46,France,Carry,1.1181529505160097,High
46,France,Pass,1.1185498809208785,High
46,France,Pass,1.1189468113257475,High
47,France,Carry,1.1193437417306167,High
47,France,Pass,1.1197406721354857,High
47,France,Carry,1.1209314633500926,High
47,France,Pass,1.1213283937549616,High
47,France,Carry,1.1217253241598306,High
47,France,Pass,1.1221222545646996,High
47,France,Carry,1.1225191849695686,High
47,France,Pass,1.1241069065890448,High
47,France,Carry,1.1245038369939135,High
47,France,Pass,1.1252976978036517,High
47,Argentina,Pass,0.3754961630060863,Medium
47,Argentina,Pass,0.37576078327599893,Medium
47,Argentina,Carry,0.376157713680868,Medium
47,Argentina,Pass,0.37814236570521303,Medium
47,Argentina,Pass,0.3788039163799947,Medium
47,France,Pass,1.137602540354591,High
47,Argentina,Carry,0.3794654670547764,Medium
47,Argentina,Pass,0.37959777718973275,Medium
47,Argentina,Carry,0.37973008732468905,Medium
47,Argentina,Pass,0.3798623974596454,Medium
47,France,Pass,1.1411749139984122,High
47,France,Carry,1.1415718444032812,High
48,Argentina,Pass,0.3833024609685102,Medium
48,Argentina,Pass,0.3834347711034665,Medium
48,Argentina,Pass,0.38356708123842287,Medium
48,Argentina,Pass,0.38356708123842287,Medium
48,Argentina,Pass,0.3836993913733792,Medium
48,France,Carry,1.1510981741201376,High
48,Argentina,Pass,0.38383170150833557,Medium
48,France,Carry,1.1514951045250066,High
48,France,Pass,1.1518920349298756,High
48,France,Pass,1.1518920349298756,High
48,France,Pass,1.1522889653347446,High
48,Argentina,Carry,0.38449325218311725,Medium
48,Argentina,Pass,0.38449325218311725,Medium
48,Argentina,Pass,0.38462556231807354,Medium
48,Argentina,Carry,0.38489018258798624,Medium
48,France,Pass,1.1550674781688277,High
48,France,Carry,1.155464408573697,High
48,France,Pass,1.1558613389785657,High
48,Argentina,Pass,0.38528711299285523,Medium
48,Argentina,Carry,0.3854194231278116,Medium
48,France,Carry,1.156655199788304,High
48,Argentina,Carry,0.3855517332627679,Medium
48,Argentina,Carry,0.3856840433977243,Medium
48,Argentina,Pass,0.38608097380259326,Medium
48,France,Carry,1.1582429214077798,High
48,Argentina,Carry,0.3862132839375496,Medium
48,France,Pass,1.1590367822175178,High
48,France,Carry,1.1594337126223868,High
48,Argentina,Carry,0.3864779042074623,Medium
48,Argentina,Pass,0.38674252447737495,Medium
48,France,Pass,1.1602275734321248,High
48,France,Carry,1.1606245038369938,High
48,Argentina,Carry,0.3868748346123313,Medium
48,Argentina,Pass,0.38700714474728765,Medium
48,Argentina,Carry,0.38727176501720034,Medium
48,Argentina,Pass,0.38740407515215664,Medium
48,Argentina,Shot,0.387536385287113,Medium
48,France,Pass,1.162609155861339,High
48,France,Carry,1.163006086266208,High
48,France,Pass,1.1634030166710772,High
48,France,Pass,1.164196877480815,High
48,France,Carry,1.164196877480815,High
48,France,Pass,1.1645938078856841,High
48,France,Carry,1.165387668695422,High
48,France,Pass,1.165784599100291,High
48,France,Carry,1.16618152950516,High
48,France,Carry,1.16618152950516,High
49,France,Pass,1.166975390314898,High
49,France,Carry,1.167372320719767,High
49,France,Pass,1.167372320719767,High
49,France,Pass,1.167372320719767,High
49,France,Pass,1.1677692511246363,High
49,France,Carry,1.1677692511246363,High
49,France,Carry,1.1681661815295052,High
49,France,Carry,1.168563111934374,High
49,France,Pass,1.1693569727441122,High
49,France,Carry,1.1697539031489812,High
49,France,Carry,1.1697539031489812,High
49,France,Carry,1.1705477639587192,High
49,France,Pass,1.1709446943635882,High
49,Argentina,Carry,0.3908441386610214,Medium
49,Argentina,Pass,0.39163799947075945,Medium
49,France,Pass,1.1749139984122783,High
49,France,Pass,1.1757078592220165,High
49,Argentina,Carry,0.39190261974067214,Medium
49,France,Carry,1.1765017200317542,High
49,Argentina,Pass,0.3924318602804975,Medium
49,France,Pass,1.1772955808414924,High
49,France,Carry,1.1776925112463614,High
49,France,Pass,1.1784863720560996,High
49,France,Pass,1.1788833024609684,High
49,France,Carry,1.1788833024609684,High
49,France,Carry,1.1792802328658376,High
49,France,Pass,1.1792802328658376,High
49,France,Pass,1.1796771632707066,High
49,France,Carry,1.1800740936755756,High
49,France,Pass,1.1804710240804446,High
49,France,Pass,1.1808679544853136,High
49,France,Pass,1.1816618152950515,High
49,Argentina,Pass,0.3938872717650172,Medium
49,France,Pass,1.1820587456999205,High
49,France,Carry,1.1824556761047897,High
49,Argentina,Pass,0.3941518920349299,Medium
49,Argentina,Carry,0.3942842021698862,Medium
49,France,Pass,1.1828526065096585,High
49,Argentina,Pass,0.39441651230484254,Medium
49,Argentina,Carry,0.3945488224397989,Medium
49,Argentina,Pass,0.3949457528446679,Medium
49,France,Pass,1.1880127017729558,High
50,Argentina,Pass,0.3983858163535327,Medium
50,Argentina,Pass,0.3983858163535327,Medium
50,Argentina,Pass,0.398518126488489,Medium
50,Argentina,Carry,0.39865043662344535,Medium
50,Argentina,Pass,0.3987827467584017,Medium
50,Argentina,Pass,0.39931198729822703,Medium
50,Argentina,Carry,0.39957660756813973,Medium
50,Argentina,Pass,0.39984122783805237,Medium
50,Argentina,Carry,0.3999735379730087,Medium
50,Argentina,Pass,0.40010584810796507,Medium
50,Argentina,Pass,0.4002381582429214,Medium
50,Argentina,Carry,0.4002381582429214,Medium
50,Argentina,Carry,0.40050277851283406,Medium
50,Argentina,Pass,0.4008997089177031,Medium
50,Argentina,Pass,0.4008997089177031,Medium
50,Argentina,Carry,0.40103201905265945,Medium
50,France,Pass,1.2034929875628473,High
50,France,Carry,1.2034929875628473,High
50,France,Pass,1.2038899179677163,High
50,France,Pass,1.2038899179677163,High
50,France,Carry,1.2038899179677163,High
50,France,Carry,1.2042868483725853,High
50,Argentina,Pass,0.40169356972744114,Medium
50,Argentina,Pass,0.4020905001323101,Medium
50,France,Carry,1.2070653612066684,High
50,France,Pass,1.2078592220164064,High
50,France,Pass,1.2082561524212754,High
50,France,Carry,1.2082561524212754,High
50,Argentina,Pass,0.4043397724265679,Medium
50,Argentina,Carry,0.4044720825615242,Medium
50,Argentina,Carry,0.40473670283143687,Medium
50,Argentina,Pass,0.40473670283143687,Medium
51,Argentina,Pass,0.4048690129663932,Medium
51,Argentina,Carry,0.40500132310134956,Medium
51,Argentina,Pass,0.40526594337126226,Medium
51,Argentina,Carry,0.40539825350621855,Medium
51,France,Pass,1.2161947605186556,High
51,Argentina,Carry,0.40566287377613125,Medium
51,Argentina,Pass,0.40605980418100024,Medium
51,Argentina,Pass,0.40632442445091294,Medium
51,Argentina,Carry,0.40658904472082563,Medium
51,France,Carry,1.2205609949722147,High
51,France,Pass,1.2205609949722147,High
51,France,Pass,1.220957925377084,High
51,France,Carry,1.221751786186822,High
51,Argentina,Pass,0.40738290553056367,Medium
51,Argentina,Carry,0.4076475258004763,Medium
51,Argentina,Pass,0.40777983593543266,Medium
51,Argentina,Carry,0.40804445620534535,Medium
51,Argentina,Pass,0.4121460703889918,Medium
51,Argentina,Pass,0.4122783805239481,Medium
51,Argentina,Carry,0.41241069065890446,Medium
51,Argentina,Pass,0.4125430007938608,Medium
52,France,Pass,1.2475522625033078,High
52,Argentina,Pass,0.41876157713680867,Medium
53,Argentina,Pass,0.42246626091558614,Medium
53,Argentina,Carry,0.4225985710505425,Medium
53,Argentina,Pass,0.4229955014554115,Medium
53,France,Carry,1.2693834347711035,High
53,France,Pass,1.2697803651759725,High
53,Argentina,Carry,0.42365705213019317,Medium
53,Argentina,Pass,0.4240539825350622,Medium
53,Argentina,Carry,0.42431860280497485,Medium
53,Argentina,Pass,0.4244509129399312,Medium
53,Argentina,Carry,0.42498015347975654,Medium
53,Argentina,Pass,0.42498015347975654,Medium
53,Argentina,Pass,0.4251124636147129,Medium
53,Argentina,Carry,0.4251124636147129,Medium
53,France,Pass,1.2765281820587457,High
53,France,Pass,1.2773220428684837,High
53,France,Carry,1.2781159036782217,High
53,France,Pass,1.2785128340830907,High
53,France,Carry,1.2793066948928287,High
53,France,Pass,1.2797036252976979,High
53,France,Carry,1.2804974861074359,High
53,France,Pass,1.2816882773220428,High
53,France,Pass,1.282085207726912,High
53,France,Carry,1.282482138131781,High
53,France,Pass,1.283275998941519,High
53,France,Carry,1.283672929346388,High
53,France,Pass,1.284863720560995,High
53,France,Carry,1.285657581370733,High
54,France,Pass,1.286054511775602,High
54,France,Carry,1.28684837258534,High
54,France,Pass,1.287245302990209,High
54,France,Carry,1.287642233395078,High
54,France,Pass,1.288039163799947,High
54,Argentina,Carry,0.42947869806827205,Medium
54,Argentina,Pass,0.4297433183381847,Medium
54,Argentina,Carry,0.42987562847314104,Medium
54,Argentina,Pass,0.4300079386080974,Medium
54,Argentina,Carry,0.43014024874305373,Medium
55,Argentina,Pass,0.44363588250860014,Medium
55,Argentina,Carry,0.44390050277851284,Medium
55,Argentina,Pass,0.44416512304842554,Medium
55,Argentina,Pass,0.4444297433183382,Medium
56,France,Pass,1.3336861603598835,High
56,France,Carry,1.3344800211696217,High
56,France,Pass,1.3388462556231806,High
56,France,Pass,1.3392431860280496,High
56,France,Carry,1.3400370468377878,High
56,France,Pass,1.340830907647526,High
56,France,Carry,1.3416247684572637,High
56,France,Pass,1.342021698862133,High
56,France,Carry,1.342418629267002,High
56,France,Pass,1.342815559671871,High
56,France,Pass,1.34321249007674,High
56,France,Carry,1.344006350886478,High
56,France,Pass,1.344403281291347,High
56,France,Pass,1.3451971421010849,High
56,France,Carry,1.3455940725059539,High
56,France,Pass,1.347578724530299,High
56,France,Carry,1.348372585340037,High
56,France,Pass,1.3507541677692512,High
56,France,Carry,1.3527388197935961,High
57,France,Pass,1.3590897062715004,High
57,France,Carry,1.3594866366763694,High
57,France,Pass,1.3598835670812384,High
57,France,Carry,1.3606774278909763,High
57,France,Pass,1.3606774278909763,High
57,France,Carry,1.3614712887007145,High
57,France,Pass,1.3618682191055833,High
57,France,Pass,1.3634559407250597,High
57,France,Carry,1.3634559407250597,High
57,France,Carry,1.3642498015347975,High
57,France,Pass,1.3646467319396667,High
57,France,Carry,1.3650436623445357,High
57,France,Pass,1.3662344535591426,High
57,France,Carry,1.3662344535591426,High
57,Argentina,Carry,0.4556761047896269,Medium
57,Argentina,Carry,0.4559407250595396,Medium
57,Argentina,Pass,0.4559407250595396,Medium
58,Argentina,Pass,0.46149775072770577,Medium
58,Argentina,Carry,0.46163006086266206,Medium
58,Argentina,Pass,0.4617623709976184,Medium
58,France,Pass,1.3868748346123312,High
58,Argentina,Pass,0.4624239216724001,Medium
58,Argentina,Carry,0.46255623180735644,Medium
58,Argentina,Pass,0.46282085207726914,Medium
58,Argentina,Carry,0.46295316221222543,Medium
58,Argentina,Shot,0.46321778248213813,Medium
58,France,Pass,1.3956073035194496,High
58,France,Pass,1.3991796771632705,High
58,France,Carry,1.3995766075681397,High
58,France,Pass,1.400767398782747,High
58,France,Carry,1.401164329187616,High
58,France,Pass,1.4019581899973539,High
58,France,Carry,1.4023551204022229,High
58,France,Pass,1.4031489812119609,High
59,Argentina,Pass,0.4722148716591691,Medium
59,France,Pass,1.4182323365969833,High
59,France,Pass,1.4186292670018523,High
59,France,Pass,1.4186292670018523,High
59,Argentina,Pass,0.4732733527388198,Medium
59,Argentina,Carry,0.47353797300873246,Medium
59,Argentina,Pass,0.47486107435829583,Medium
59,Argentina,Carry,0.4749933844932522,Medium
59,Argentina,Shot,0.47512569462820853,Medium
60,France,Pass,1.436491135220958,High
60,Argentina,Pass,0.4794919290817677,Medium
60,Argentina,Pass,0.479624239216724,Medium
60,France,Pass,1.4483990473670283,High
61,Argentina,Pass,0.4855781952897592,Medium
61,Argentina,Pass,0.48571050542471556,Medium
61,Argentina,Carry,0.48584281555967185,Medium
61,Argentina,Pass,0.4859751256946282,Medium
61,Argentina,Pass,0.48610743582958454,Medium
61,Argentina,Pass,0.4862397459645409,Medium
61,Argentina,Carry,0.4862397459645409,Medium
61,France,Pass,1.4622916115374438,High
61,France,Pass,1.4630854723471818,High
61,France,Pass,1.4642762635617887,High
61,France,Carry,1.4646731939666577,High
61,France,Pass,1.4646731939666577,High
61,France,Carry,1.4658639851812647,High
61,France,Pass,1.4658639851812647,High
61,France,Carry,1.466657845991003,High
61,France,Pass,1.468642498015348,High
61,France,Carry,1.469436358825086,High
61,France,Pass,1.469833289229955,High
61,France,Carry,1.470230219634824,High
61,France,Carry,1.470627150039693,High
61,France,Pass,1.470627150039693,High
61,Argentina,Pass,0.4904736702831437,Medium
61,France,Carry,1.471421010849431,High
61,France,Pass,1.472611802064038,High
61,France,Carry,1.4730087324689072,High
61,France,Pass,1.4734056628737762,High
61,France,Carry,1.4738025932786452,High
61,France,Pass,1.4745964540883831,High
62,France,Pass,1.4781688277322043,High
62,France,Carry,1.4789626885419422,High
62,France,Pass,1.4797565493516804,High
62,France,Carry,1.4805504101614182,High
62,France,Pass,1.4817412013760254,High
62,France,Carry,1.4821381317808946,High
62,Argentina,Carry,0.4941783540619211,Medium
62,Argentina,Carry,0.4947075946017465,Medium
62,Argentina,Pass,0.4947075946017465,Medium
62,Argentina,Pass,0.49497221487165916,Medium
62,Argentina,Pass,0.49523683514157185,Medium
62,France,Pass,1.4872982270441915,High
62,France,Pass,1.4884890182587986,High
62,France,Carry,1.4888859486636676,High
62,France,Pass,1.4896798094734056,High
62,France,Carry,1.4900767398782748,High
62,France,Pass,1.498015347975655,High
62,France,Pass,1.498809208785393,High
62,France,Carry,1.499206139190262,High
62,France,Pass,1.5,High
63,France,Carry,1.500396930404869,High
63,France,Pass,1.500793860809738,High
63,France,Pass,1.501190791214607,High
63,France,Carry,1.501190791214607,High
63,France,Carry,1.5015877216194762,High
63,France,Pass,1.502381582429214,High
63,France,Pass,1.503175443238952,High
63,France,Carry,1.5035723736438213,High
63,France,Pass,1.5043662344535589,High
63,France,Carry,1.5055570256681663,High
64,Argentina,Pass,0.5092617094469436,Medium
64,France,Pass,1.528578989150569,High
64,Argentina,Carry,0.5096586398518127,Medium
64,Argentina,Pass,0.509790949986769,Medium
64,Argentina,Carry,0.5099232601217253,Medium
64,Argentina,Pass,0.5099232601217253,Medium
64,Argentina,Carry,0.5100555702566817,Medium
64,Argentina,Pass,0.510187880391638,Medium
64,Argentina,Carry,0.5103201905265944,Medium
64,Argentina,Pass,0.5104525006615507,Medium
64,Argentina,Carry,0.510584810796507,Medium
64,Argentina,Pass,0.5107171209314634,Medium
64,Argentina,Carry,0.5108494310664197,Medium
64,Argentina,Pass,0.5109817412013761,Medium
64,Argentina,Pass,0.5111140513363324,Medium
64,Argentina,Carry,0.5112463614712887,Medium
64,Argentina,Pass,0.5115109817412014,Medium
64,Argentina,Carry,0.5116432918761578,Medium
64,Argentina,Pass,0.5119079121460703,Medium
64,Argentina,Carry,0.5120402222810267,Medium
64,Argentina,Carry,0.5124371526858957,Medium
64,Argentina,Pass,0.512569462820852,Medium
64,Argentina,Carry,0.5127017729558084,Medium
64,Argentina,Pass,0.5128340830907647,Medium
64,Argentina,Carry,0.5129663932257211,Medium
64,Argentina,Pass,0.5132310134956337,Medium
64,Argentina,Carry,0.5133633236305901,Medium
64,Argentina,Pass,0.5133633236305901,Medium
64,France,Pass,1.5408838317015086,High
64,France,Pass,1.5412807621063773,High
64,Argentina,Pass,0.5140248743053718,Medium
64,France,Pass,1.5436623445355915,High
65,France,Pass,1.5559671870865308,High
65,Argentina,Pass,0.519184969568669,Medium
65,France,Pass,1.5583487695157447,High
65,France,Pass,1.558745699920614,High
65,France,Carry,1.559142630325483,High
65,France,Pass,1.559539560730352,High
65,France,Carry,1.56033342154009,High
65,France,Pass,1.560730351944959,High
65,France,Carry,1.561524212754697,High
65,France,Pass,1.5631119343741728,High
65,France,Carry,1.5635088647790423,High
65,France,Pass,1.563905795183911,High
65,France,Carry,1.5646996559936492,High
65,France,Pass,1.565096586398518,High
65,Argentina,Pass,0.5222281026726647,Medium
65,Argentina,Pass,0.522360412807621,Medium
65,France,Pass,1.569859751256946,High
65,France,Pass,1.5706536120666843,High
65,France,Carry,1.571050542471553,High
65,France,Pass,1.5714474728764225,High
66,France,Carry,1.5718444032812913,High
66,France,Pass,1.5722413336861605,High
66,France,Pass,1.5742259857105054,High
66,France,Pass,1.5750198465202434,High
66,France,Carry,1.5750198465202434,High
66,Argentina,Pass,0.5250066155067478,Medium
66,Argentina,Carry,0.5252712357766605,Medium
66,Argentina,Carry,0.5256681661815295,Medium
66,Argentina,Carry,0.5259327864514421,Medium
66,Argentina,Pass,0.5261974067213548,Medium
66,France,Carry,1.5793860809738027,High
66,France,Pass,1.5801799417835407,High
66,France,Carry,1.5809738025932787,High
66,France,Pass,1.5817676634030167,High
66,France,Carry,1.5829584546176239,High
66,France,Pass,1.5837523154273616,High
66,France,Carry,1.5841492458322308,High
66,France,Pass,1.5845461762370996,High
66,France,Carry,1.584943106641969,High
66,France,Pass,1.5857369674517066,High
66,France,Pass,1.586133897856576,High
66,France,Carry,1.586133897856576,High
66,France,Carry,1.586927758666314,High
66,France,Pass,1.587324689071183,High
66,France,Pass,1.5877216194760517,High
66,France,Carry,1.5877216194760517,High
66,France,Carry,1.58851548028579,High
66,France,Pass,1.588912410690659,High
66,France,Pass,1.589706271500397,High
66,France,Carry,1.589706271500397,High
66,France,Pass,1.5901032019052659,High
66,France,Carry,1.5905001323101349,High
66,France,Pass,1.5905001323101349,High
66,France,Carry,1.5912939931198729,High
66,France,Pass,1.5912939931198729,High
67,France,Pass,1.6008203228367295,High
67,France,Shot,1.6016141836464675,High
68,Argentina,Pass,0.5400899708917704,Medium
68,France,Pass,1.621460703889918,High
68,Argentina,Pass,0.540751521566552,Medium
68,France,Pass,1.6230484255093938,High
68,France,Carry,1.623842286319132,High
68,France,Pass,1.623842286319132,High
68,France,Carry,1.6242392167240012,High
68,France,Pass,1.6246361471288702,High
68,Argentina,Pass,0.541942312781159,Medium
68,Argentina,Carry,0.5420746229161154,Medium
68,Argentina,Pass,0.542339243186028,Medium
68,Argentina,Pass,0.5424715533209844,Medium
68,Argentina,Carry,0.5426038634559407,Medium
68,Argentina,Pass,0.5428684837258534,Medium
68,Argentina,Carry,0.5430007938608097,Medium
68,Argentina,Pass,0.5432654141307224,Medium
68,Argentina,Carry,0.5433977242656788,Medium
68,Argentina,Pass,0.5435300344006351,Medium
68,Argentina,Carry,0.5436623445355915,Medium
68,Argentina,Pass,0.5437946546705478,Medium
68,Argentina,Carry,0.5440592749404605,Medium
68,Argentina,Pass,0.5440592749404605,Medium
68,France,Carry,1.6325747552262504,High
68,France,Pass,1.6341624768457264,High
68,France,Pass,1.6345594072505953,High
68,France,Carry,1.6345594072505953,High
68,France,Carry,1.6349563376554646,High
68,France,Pass,1.6349563376554646,High
68,France,Carry,1.6353532680603333,High
68,France,Pass,1.6373379200846785,High
68,France,Pass,1.6385287112992855,High
68,France,Carry,1.6389256417041547,High
68,France,Pass,1.6393225721090237,High
68,France,Pass,1.6401164329187616,High
68,France,Pass,1.6424980153479756,High
69,France,Carry,1.6432918761577135,High
69,France,Pass,1.6436888065625825,High
69,France,Carry,1.6440857369674517,High
69,France,Pass,1.6452765281820587,High
69,France,Carry,1.6456734585869275,High
69,France,Pass,1.6456734585869275,High
69,France,Carry,1.646070388991797,High
69,Argentina,Carry,0.5496163006086267,Medium
69,Argentina,Pass,0.5502778512834083,Medium
69,Argentina,Carry,0.5504101614183646,Medium
69,Argentina,Pass,0.550542471553321,Medium
69,France,Pass,1.653215136279439,High
69,France,Carry,1.6540089970891771,High
69,France,Pass,1.6548028578989151,High
69,France,Carry,1.655596718708653,High
69,France,Pass,1.6575813707329983,High
69,France,Carry,1.657978301137867,High
69,France,Pass,1.658375231542736,High
69,France,Carry,1.659169092352474,High
69,France,Pass,1.6599629531622122,High
69,France,Carry,1.660359883567081,High
69,France,Pass,1.6619476051865574,High
69,France,Carry,1.6623445355914261,High
69,France,Pass,1.6627414659962954,High
69,Argentina,Pass,0.5543794654670547,Medium
69,Argentina,Carry,0.5545117756020111,Medium
69,Argentina,Pass,0.5546440857369674,Medium
69,Argentina,Pass,0.5547763958719238,Medium
69,France,Carry,1.6647261180206403,High
69,France,Pass,1.6655199788303785,High
69,France,Carry,1.6655199788303785,High
70,France,Pass,1.6671077004498542,High
70,France,Carry,1.6675046308547237,High
70,France,Pass,1.6679015612595924,High
70,France,Carry,1.6682984916644616,High
70,France,Pass,1.6690923524741994,High
70,France,Carry,1.6698862132839376,High
70,France,Shot,1.6706800740936756,High
70,Argentina,Pass,0.5633765546440858,Medium
71,France,Pass,1.6917173855517331,High
71,France,Carry,1.6921143159566023,High
71,Argentina,Pass,0.5644350357237364,Medium
71,Argentina,Carry,0.5644350357237364,Medium
71,Argentina,Carry,0.5646996559936491,Medium
71,Argentina,Pass,0.5650965863985181,Medium
71,Argentina,Pass,0.5653612066684308,Medium
71,Argentina,Carry,0.5653612066684308,Medium
71,Argentina,Carry,0.5656258269383435,Medium
71,Argentina,Pass,0.5665519978830379,Medium
71,Argentina,Carry,0.5668166181529505,Medium
71,Argentina,Pass,0.5674781688277322,Medium
71,Argentina,Carry,0.5676104789626886,Medium
71,Argentina,Shot,0.5677427890976449,Medium
71,France,Pass,1.7079915321513628,High
71,France,Pass,1.7099761841757077,High
71,France,Carry,1.710770044985446,High
71,France,Carry,1.7111669753903147,High
71,France,Pass,1.7115639057951841,High
71,France,Carry,1.7123577666049217,High
71,France,Pass,1.712754697009791,High
71,France,Carry,1.713548557819529,High
71,France,Pass,1.713945488224398,High
72,France,Carry,1.714739349034136,High
72,France,Pass,1.715930140248743,High
72,France,Carry,1.7163270706536122,High
72,France,Pass,1.7183117226779574,High
72,France,Pass,1.7187086530828262,High
72,France,Carry,1.7187086530828262,High
72,France,Carry,1.7195025138925644,High
72,France,Pass,1.7198994442974331,High
72,France,Carry,1.7206933051071713,High
72,France,Pass,1.72109023551204,High
72,France,Carry,1.7218840963217783,High
72,France,Pass,1.7230748875363853,High
72,France,Carry,1.7234718179412543,High
72,France,Pass,1.7238687483461232,High
72,France,Pass,1.7282349827996826,High
72,France,Carry,1.7286319132045516,High
72,France,Pass,1.7298227044191585,High
72,France,Carry,1.7306165652288965,High
72,France,Pass,1.7333950780629797,High
72,France,Carry,1.7341889388727179,High
72,France,Pass,1.7345858692775866,High
72,France,Pass,1.7361735908970628,High
72,France,Carry,1.7365705213019318,High
72,France,Pass,1.7369674517068008,High
72,France,Carry,1.7373643821116698,High
72,France,Pass,1.7377613125165388,High
72,France,Carry,1.7381582429214077,High
73,France,Pass,1.7385551733262767,High
73,France,Carry,1.7393490341360147,High
73,France,Pass,1.7409367557554911,High
73,Argentina,Carry,0.5804445620534533,Medium
74,Argentina,Pass,0.5887801005557025,Medium
74,France,Pass,1.7675310928817147,High
74,France,Carry,1.7687218840963217,High
74,Argentina,Carry,0.5903678221751786,Medium
74,Argentina,Pass,0.590500132310135,Medium
74,Argentina,Carry,0.5906324424450913,Medium
74,Argentina,Pass,0.5906324424450913,Medium
74,Argentina,Carry,0.5907647525800477,Medium
74,Argentina,Pass,0.591293993119873,Medium
74,Argentina,Carry,0.591690923524742,Medium
74,Argentina,Pass,0.5926170944694363,Medium
74,Argentina,Carry,0.5927494046043927,Medium
74,Argentina,Pass,0.592881714739349,Medium
74,France,Carry,1.7794390050277853,High
74,France,Carry,1.781026726647261,High
74,France,Pass,1.7814236570521302,High
74,France,Carry,1.7814236570521302,High
74,France,Carry,1.7826144482667372,High
74,France,Pass,1.7842021698862134,High
75,Argentina,Pass,0.5988356708123842,Medium
75,Argentina,Pass,0.6004233924318603,Medium
75,France,Pass,1.8024609685101878,High
75,Argentina,Carry,0.6009526329716857,Medium
75,Argentina,Pass,0.6012172532415984,Medium
75,France,Carry,1.804445620534533,High
75,France,Pass,1.805239481344271,High
75,France,Carry,1.806033342154009,High
75,France,Pass,1.8076210637734853,High
75,France,Carry,1.808017994178354,High
76,France,Pass,1.8100026462026992,High
76,Argentina,Pass,0.603466525535856,Medium
76,Argentina,Carry,0.6038634559407251,Medium
76,Argentina,Pass,0.6038634559407251,Medium
76,Argentina,Carry,0.6042603863455941,Medium
76,Argentina,Pass,0.6086266207991532,Medium
76,Argentina,Pass,0.6091558613389786,Medium
76,Argentina,Carry,0.6094204816088913,Medium
76,Argentina,Pass,0.6094204816088913,Medium
76,Argentina,Carry,0.6095527917438476,Medium
76,Argentina,Pass,0.6096851018788039,Medium
76,Argentina,Carry,0.6098174120137603,Medium
76,Argentina,Pass,0.610478962688542,Medium
76,Argentina,Carry,0.610478962688542,Medium
76,Argentina,Carry,0.6107435829584547,Medium
76,Argentina,Pass,0.6107435829584547,Medium
76,Argentina,Pass,0.610875893093411,Medium
76,Argentina,Carry,0.6110082032283672,Medium
77,Argentina,Pass,0.6112728234982799,Medium
77,Argentina,Carry,0.6114051336332363,Medium
77,Argentina,Pass,0.6115374437681926,Medium
77,France,Pass,1.8365969833289228,High
77,Argentina,Carry,0.6131251653876687,Medium
77,Argentina,Pass,0.6133897856575814,Medium
77,Argentina,Pass,0.6133897856575814,Medium
77,Argentina,Carry,0.6135220957925377,Medium
77,Argentina,Pass,0.6140513363323631,Medium
77,Argentina,Carry,0.6141836464673194,Medium
77,Argentina,Pass,0.6143159566022758,Medium
77,Argentina,Pass,0.6145805768721884,Medium
77,Argentina,Carry,0.6148451971421011,Medium
77,Argentina,Pass,0.6151098174120138,Medium
77,Argentina,Pass,0.6153744376819265,Medium
77,Argentina,Carry,0.6155067478168827,Medium
77,Argentina,Pass,0.6156390579518392,Medium
77,Argentina,Carry,0.6157713680867954,Medium
77,Argentina,Pass,0.6160359883567081,Medium
77,Argentina,Carry,0.6161682984916644,Medium
77,Argentina,Pass,0.6161682984916644,Medium
77,Argentina,Carry,0.6163006086266208,Medium
77,France,Carry,1.8489018258798624,High
77,France,Pass,1.8492987562847314,High
78,Argentina,Pass,0.6192114315956603,Medium
78,Argentina,Carry,0.6193437417306166,Medium
78,Argentina,Pass,0.6194760518655729,Medium
78,Argentina,Carry,0.6196083620005293,Medium
78,Argentina,Pass,0.619872982270442,Medium
78,Argentina,Pass,0.619872982270442,Medium
78,France,Pass,1.8600158772161948,High
78,France,Pass,1.860809738025933,High
78,France,Carry,1.860809738025933,High
78,France,Carry,1.86200052924054,High
79,France,Shot,1.2606509658639853,High
79,Argentina,Pass,0.6336332363059011,Medium
79,Argentina,Pass,0.6338978565758137,Medium
79,Argentina,Pass,0.6342947869806828,Medium
79,Argentina,Carry,0.6345594072505953,Medium
79,Argentina,Pass,0.6346917173855517,Medium
79,Argentina,Carry,0.634824027520508,Medium
79,Argentina,Pass,0.6349563376554644,Medium
80,Argentina,Pass,0.6350886477904207,Medium
80,Argentina,Pass,0.6354855781952897,Medium
80,France,Pass,1.2736173590897062,High
80,France,Pass,1.275469700979095,High
80,France,Carry,1.2757343212490078,High
80,France,Pass,1.2759989415189203,High
80,France,Carry,1.276263561788833,High
80,France,Pass,1.2765281820587457,High
80,France,Pass,1.2767928023286583,High
80,France,Carry,1.2767928023286583,High
80,France,Carry,1.2770574225985711,High
80,France,Pass,1.2789097644879597,High
80,Argentina,Pass,0.6398518126488489,Medium
80,France,Pass,1.280232865837523,High
80,Argentina,Carry,0.6403810531886742,Medium
80,France,Carry,1.2826144482667372,High
80,France,Pass,1.2839375496163006,High
80,France,Carry,1.2842021698862134,High
80,France,Pass,1.284466790156126,High
80,France,Pass,1.2849960306959514,High
80,France,Pass,1.285260650965864,High
80,France,Carry,1.285260650965864,High
80,France,Shot,0.6428949457528447,Medium
82,Argentina,Pass,0.6545382376290024,Medium
82,Argentina,Pass,0.654802857898915,Medium
82,Argentina,Pass,0.6549351680338714,Medium
82,Argentina,Pass,0.6551997883037841,Medium
82,Argentina,Carry,0.6553320984387404,Medium
82,Argentina,Pass,0.6554644085736967,Medium
82,Argentina,Carry,0.6557290288436094,Medium
82,Argentina,Pass,0.6558613389785658,Medium
82,Argentina,Carry,0.6559936491135221,Medium
82,Argentina,Pass,0.6561259592484784,Medium
82,Argentina,Pass,0.6586398518126488,Medium
83,Argentina,Carry,0.6589044720825615,Medium
83,Argentina,Pass,0.6590367822175178,Medium
83,Argentina,Pass,0.6591690923524742,Medium
83,Argentina,Carry,0.6591690923524742,Medium
83,Argentina,Carry,0.6593014024874305,Medium
83,Argentina,Pass,0.6595660227573432,Medium
83,Argentina,Carry,0.6598306430272559,Medium
83,Argentina,Pass,0.6602275734321249,Medium
83,Argentina,Carry,0.6603598835670812,Medium
83,Argentina,Pass,0.6604921937020376,Medium
83,Argentina,Carry,0.6606245038369939,Medium
83,Argentina,Pass,0.6607568139719503,Medium
83,Argentina,Carry,0.6610214342418629,Medium
83,Argentina,Pass,0.6616829849166446,Medium
83,Argentina,Carry,0.661815295051601,Medium
83,Argentina,Shot,0.6619476051865573,Medium
83,Argentina,Pass,0.6623445355914263,Medium
83,Argentina,Pass,0.6624768457263827,Medium
83,Argentina,Carry,0.6624768457263827,Medium
83,France,Pass,0.6628737761312516,Medium
83,Argentina,Carry,0.6631383964011643,Medium
83,Argentina,Carry,0.6632707065361206,Medium
83,Argentina,Pass,0.6632707065361206,Medium
83,France,Carry,0.6635353268060333,Medium
83,France,Pass,0.6636676369409896,Medium
83,France,Carry,0.664196877480815,Medium
83,Argentina,Pass,0.6648584281555967,Medium
83,Argentina,Carry,0.6648584281555967,Medium
83,Argentina,Pass,0.6651230484255094,Medium
83,Argentina,Carry,0.6652553585604657,Medium
83,Argentina,Pass,0.6655199788303784,Medium
83,Argentina,Pass,0.6655199788303784,Medium
83,Argentina,Carry,0.6656522889653348,Medium
83,Argentina,Pass,0.6659169092352474,Medium
83,France,Carry,0.6663138396401165,Medium
84,France,Pass,0.6668430801799418,Medium
84,France,Carry,0.6669753903148982,Medium
84,France,Pass,0.6672400105848107,Medium
84,Argentina,Pass,0.6722677957131517,Medium
84,France,Pass,0.673590897062715,Medium
84,France,Pass,0.6737232071976713,Medium
84,France,Carry,0.6738555173326277,Medium
84,France,Pass,0.6742524477374967,Medium
84,France,Pass,0.674384757872453,Medium
84,France,Carry,0.674384757872453,Medium
84,France,Carry,0.6745170680074094,Medium
84,France,Pass,0.6746493781423657,Medium
85,France,Carry,0.6750463085472347,Medium
85,France,Pass,0.6757078592220164,Medium
85,France,Pass,0.6761047896268855,Medium
85,Argentina,Pass,0.6762370997618418,Medium
85,France,Carry,0.6766340301667108,Medium
85,France,Pass,0.6768986504366235,Medium
85,France,Pass,0.6770309605715797,Medium
85,France,Carry,0.6772955808414924,Medium
85,France,Pass,0.6774278909764488,Medium
85,France,Carry,0.6776925112463614,Medium
85,France,Pass,0.6780894416512305,Medium
85,France,Carry,0.6782217517861868,Medium
85,France,Pass,0.6786186821910558,Medium
85,France,Pass,0.6787509923260122,Medium
85,France,Carry,0.6790156125959248,Medium
85,France,Pass,0.6798094734056629,Medium
85,France,Carry,0.6802064038105319,Medium
85,France,Carry,0.6804710240804446,Medium
85,France,Pass,0.6806033342154009,Medium
86,France,Pass,0.6844403281291347,Medium
86,France,Carry,0.6844403281291347,Medium
86,France,Pass,0.6844403281291347,Medium
86,France,Pass,0.6847049483990474,Medium
86,France,Carry,0.6847049483990474,Medium
86,France,Pass,0.6852341889388727,Medium
86,France,Pass,0.6854988092087854,Medium
86,France,Pass,0.6856311193437418,Medium
86,France,Carry,0.6856311193437418,Medium
86,France,Carry,0.6857634294786981,Medium
86,France,Pass,0.6857634294786981,Medium
87,Argentina,Pass,0.6926435564964276,Medium
89,France,Pass,0.7090500132310135,Medium
89,France,Pass,0.7098438740407516,Medium
89,France,Pass,0.7118285260650966,Medium
89,France,Carry,0.7120931463350093,Medium
89,France,Pass,0.7122254564699656,Medium
89,Argentina,Pass,0.712754697009791,Medium
89,France,Pass,0.7128870071447473,Medium
89,France,Pass,0.71315162741466,Medium
89,France,Carry,0.7136808679544853,Medium
89,France,Pass,0.7138131780894417,Medium
89,France,Carry,0.714342418629267,Medium
90,France,Pass,0.7144747287642234,Medium
90,France,Pass,0.7144747287642234,Medium
90,France,Carry,0.7146070388991796,Medium
90,France,Carry,0.7146070388991796,Medium
90,France,Pass,0.714739349034136,Medium
90,France,Pass,0.7148716591690923,Medium
90,France,Carry,0.7148716591690923,Medium
90,France,Carry,0.715136279439005,Medium
90,France,Pass,0.715136279439005,Medium
90,France,Pass,0.7154008997089177,Medium
90,France,Carry,0.7154008997089177,Medium
90,France,Pass,0.715533209843874,Medium
90,France,Carry,0.7156655199788304,Medium
90,France,Carry,0.7156655199788304,Medium
90,France,Pass,0.7157978301137867,Medium
90,France,Carry,0.715930140248743,Medium
90,France,Pass,0.715930140248743,Medium
90,France,Carry,0.7161947605186557,Medium
90,France,Pass,0.7163270706536121,Medium
90,Argentina,Pass,0.7164593807885684,Medium
90,Argentina,Carry,0.7165916909235247,Medium
90,Argentina,Pass,0.7167240010584811,Medium
90,France,Pass,0.7168563111934374,Medium
90,Argentina,Pass,0.7168563111934374,Medium
90,Argentina,Pass,0.7169886213283938,Medium
90,Argentina,Carry,0.7169886213283938,Medium
90,Argentina,Pass,0.7171209314633501,Medium
90,Argentina,Carry,0.7172532415983064,Medium
90,Argentina,Pass,0.7173855517332628,Medium
90,Argentina,Carry,0.7175178618682191,Medium
90,Argentina,Pass,0.7179147922730881,Medium
90,Argentina,Pass,0.7184440328129135,Medium
90,France,Pass,0.7187086530828262,Medium
90,Argentina,Pass,0.7189732733527389,Medium
90,Argentina,Pass,0.7189732733527389,Medium
90,Argentina,Pass,0.7209579253770839,Medium
90,Argentina,Pass,0.7213548557819529,Medium
90,France,Pass,0.7217517861868219,Medium
90,Argentina,Pass,0.7218840963217783,Medium
90,Argentina,Pass,0.7221487165916909,Medium
91,Argentina,Pass,0.7226779571315163,Medium
91,Argentina,Carry,0.722942577401429,Medium
91,Argentina,Pass,0.7232071976713417,Medium
91,Argentina,Carry,0.723339507806298,Medium
91,Argentina,Pass,0.7236041280762107,Medium
91,Argentina,Carry,0.723736438211167,Medium
91,Argentina,Pass,0.7241333686160359,Medium
91,Argentina,Carry,0.7243979888859486,Medium
91,France,Pass,0.7259857105054247,Medium
91,France,Pass,0.7263826409102937,Medium
91,France,Carry,0.7266472611802064,Medium
91,Argentina,Pass,0.7273088118549881,Medium
91,Argentina,Pass,0.7281026726647262,Medium
91,Argentina,Carry,0.7282349827996825,Medium
91,Argentina,Pass,0.7286319132045515,Medium
91,Argentina,Carry,0.7287642233395079,Medium
91,Argentina,Pass,0.7288965334744641,Medium
91,Argentina,Pass,0.7290288436094204,Medium
91,Argentina,Carry,0.7290288436094204,Medium
91,Argentina,Carry,0.7291611537443768,Medium
91,Argentina,Pass,0.7294257740142895,Medium
91,Argentina,Carry,0.7296903942842021,Medium
91,Argentina,Pass,0.7300873246890712,Medium
92,Argentina,Carry,0.7303519449589838,Medium
92,Argentina,Pass,0.7306165652288965,Medium
92,Argentina,Shot,0.7310134956337655,Medium
92,France,Pass,0.7324689071182853,Medium
92,Argentina,Carry,0.7328658375231543,Medium
92,Argentina,Pass,0.7329981476581107,Medium
92,Argentina,Carry,0.7332627679280233,Medium
92,Argentina,Pass,0.7332627679280233,Medium
92,France,Pass,0.7344535591426303,Medium
92,Argentina,Pass,0.7352474199523683,Medium
92,Argentina,Carry,0.7353797300873247,Medium
92,Argentina,Pass,0.735512040222281,Medium
92,Argentina,Pass,0.735512040222281,Medium
92,Argentina,Pass,0.7356443503572374,Medium
92,Argentina,Carry,0.7357766604921937,Medium
92,Argentina,Pass,0.7360412807621064,Medium
92,Argentina,Pass,0.7361735908970627,Medium
92,Argentina,Carry,0.7361735908970627,Medium
92,Argentina,Carry,0.7364382111669754,Medium
92,Argentina,Pass,0.7364382111669754,Medium
92,Argentina,Pass,0.7365705213019317,Medium
92,Argentina,Carry,0.7367028314368881,Medium
92,Argentina,Carry,0.7368351415718444,Medium
92,France,Carry,0.7369674517068008,Medium
92,France,Carry,0.7372320719767134,Medium
92,France,Shot,0.737893622651495,Medium
93,France,Pass,0.7386874834612331,Medium
93,France,Pass,0.7392167240010585,Medium
93,France,Carry,0.7394813442709711,Medium
93,France,Pass,0.7396136544059275,Medium
93,France,Carry,0.7397459645408838,Medium
93,France,Pass,0.7398782746758402,Medium
93,France,Carry,0.7400105848107965,Medium
93,France,Pass,0.7406721354855782,Medium
93,France,Carry,0.7408044456205345,Medium
93,France,Pass,0.7409367557554909,Medium
93,France,Carry,0.7410690658904472,Medium
93,France,Pass,0.7412013760254036,Medium
93,France,Carry,0.7413336861603599,Medium
93,France,Pass,0.7414659962953162,Medium
93,France,Pass,0.7421275469700979,Medium
93,France,Carry,0.7426567875099233,Medium
93,France,Pass,0.7427890976448795,Medium
93,France,Carry,0.742921407779836,Medium
93,France,Pass,0.7430537179147922,Medium
93,France,Pass,0.7431860280497486,Medium
93,France,Carry,0.7431860280497486,Medium
93,France,Pass,0.7435829584546176,Medium
93,Argentina,Pass,0.7437152685895739,Medium
93,France,Carry,0.7437152685895739,Medium
93,France,Carry,0.7438475787245303,Medium
93,Argentina,Carry,0.7439798888594866,Medium
93,Argentina,Pass,0.7441121989944429,Medium
93,France,Pass,0.7441121989944429,Medium
93,France,Shot,0.7442445091293993,Medium
93,France,Carry,0.7443768192643556,Medium
93,Argentina,Pass,0.7443768192643556,Medium
93,France,Pass,0.7447737496692247,Medium
93,France,Carry,0.744906059804181,Medium
93,France,Pass,0.7450383699391373,Medium
93,France,Carry,0.7451706800740937,Medium
93,France,Pass,0.7455676104789627,Medium
93,France,Carry,0.745699920613919,Medium
93,France,Pass,0.7458322307488754,Medium
93,Argentina,Pass,0.7459645408838317,Medium
93,France,Carry,0.7459645408838317,Medium
94,Argentina,Pass,0.7466260915586134,Medium
94,Argentina,Carry,0.7467584016935698,Medium
94,Argentina,Carry,0.7468907118285261,Medium
94,France,Pass,0.7468907118285261,Medium
94,Argentina,Pass,0.7468907118285261,Medium
94,Argentina,Pass,0.7470230219634824,Medium
94,France,Carry,0.7470230219634824,Medium
94,Argentina,Carry,0.7471553320984388,Medium
94,Argentina,Carry,0.747287642233395,Medium
94,Argentina,Pass,0.7474199523683515,Medium
94,Argentina,Carry,0.7475522625033078,Medium
94,France,Carry,0.7479491929081767,Medium
94,Argentina,Carry,0.7482138131780894,Medium
94,Argentina,Pass,0.7484784334480021,Medium
94,Argentina,Carry,0.7486107435829584,Medium
94,Argentina,Pass,0.7487430537179148,Medium
94,Argentina,Carry,0.7488753638528711,Medium
94,Argentina,Pass,0.7490076739878274,Medium
94,Argentina,Carry,0.7491399841227838,Medium
94,Argentina,Pass,0.7494046043926965,Medium
94,Argentina,Pass,0.7495369145276528,Medium
94,Argentina,Carry,0.7498015347975655,Medium
94,Argentina,Pass,0.7503307753373909,Medium
94,Argentina,Pass,0.7533739084413866,Medium
94,Argentina,Carry,0.7535062185763429,Medium
94,Argentina,Pass,0.7537708388462556,Medium
94,Argentina,Carry,0.7539031489812119,Medium
94,Argentina,Pass,0.7539031489812119,Medium
94,France,Pass,0.7540354591161683,Medium
95,France,Carry,0.754300079386081,Medium
95,France,Pass,0.7545646996559936,Medium
95,France,Carry,0.75469700979095,Medium
95,France,Carry,0.7553585604657317,Medium
95,France,Carry,0.755490870600688,Medium
95,France,Pass,0.755490870600688,Medium
95,Argentina,Carry,0.7561524212754697,Medium
95,Argentina,Pass,0.7562847314104261,Medium
95,France,Pass,0.7562847314104261,Medium
95,Argentina,Carry,0.7565493516803388,Medium
95,France,Pass,0.7566816618152951,Medium
95,Argentina,Pass,0.7566816618152951,Medium
95,France,Carry,0.7568139719502514,Medium
95,France,Pass,0.7568139719502514,Medium
95,Argentina,Carry,0.7569462820852078,Medium
95,France,Carry,0.7569462820852078,Medium
95,France,Pass,0.7572109023551205,Medium
95,Argentina,Pass,0.7572109023551205,Medium
95,France,Carry,0.7573432124900767,Medium
95,Argentina,Carry,0.7573432124900767,Medium
95,France,Pass,0.7573432124900767,Medium
95,France,Carry,0.757475522625033,Medium
95,Argentina,Pass,0.7587986239745964,Medium
95,France,Carry,0.7589309341095528,Medium
95,France,Pass,0.7589309341095528,Medium
95,France,Pass,0.7590632442445091,Medium
95,Argentina,Carry,0.7590632442445091,Medium
95,France,Carry,0.7593278645144218,Medium
95,France,Pass,0.7594601746493781,Medium
95,Argentina,Pass,0.7595924847843345,Medium
95,Argentina,Pass,0.7597247949192908,Medium
95,France,Carry,0.7597247949192908,Medium
95,France,Carry,0.7598571050542472,Medium
95,France,Pass,0.7599894151892035,Medium
95,France,Carry,0.7601217253241598,Medium
95,France,Pass,0.7603863455940725,Medium
95,France,Carry,0.7605186557290289,Medium
95,France,Pass,0.7607832759989415,Medium
95,France,Carry,0.7609155861338979,Medium
95,France,Pass,0.7610478962688542,Medium
95,France,Carry,0.7611802064038106,Medium
95,France,Pass,0.7614448266737232,Medium
95,France,Carry,0.7615771368086796,Medium
95,France,Pass,0.7615771368086796,Medium
95,France,Pass,0.7618417570785923,Medium
96,France,Pass,0.7623709976184175,Medium
96,France,Carry,0.7625033077533739,Medium
96,France,Pass,0.7627679280232866,Medium
96,France,Carry,0.7629002381582429,Medium
96,France,Pass,0.7630325482931992,Medium
96,France,Carry,0.7632971685631119,Medium
96,France,Pass,0.76409102937285,Medium
96,France,Pass,0.764487959777719,Medium
96,Argentina,Pass,0.7646202699126753,Medium
96,Argentina,Pass,0.7647525800476317,Medium
96,Argentina,Carry,0.7650172003175443,Medium
96,Argentina,Pass,0.7651495104525007,Medium
96,Argentina,Carry,0.7654141307224134,Medium
96,Argentina,Pass,0.7655464408573697,Medium
96,Argentina,Carry,0.7659433712622387,Medium
96,Argentina,Pass,0.7662079915321514,Medium
96,Argentina,Pass,0.7663403016671076,Medium
96,Argentina,Carry,0.766472611802064,Medium
96,Argentina,Pass,0.7666049219370203,Medium
96,Argentina,Carry,0.7667372320719767,Medium
96,Argentina,Pass,0.766869542206933,Medium
96,Argentina,Shot,0.7670018523418893,Medium
96,Argentina,Carry,0.7670018523418893,Medium
96,Argentina,Pass,0.7671341624768457,Medium
96,Argentina,Carry,0.7673987827467584,Medium
96,Argentina,Pass,0.7675310928817147,Medium
96,Argentina,Carry,0.7676634030166711,Medium
96,Argentina,Pass,0.7679280232865837,Medium
96,Argentina,Carry,0.7680603334215401,Medium
96,Argentina,Carry,0.7681926435564964,Medium
96,Argentina,Pass,0.7681926435564964,Medium
96,Argentina,Carry,0.7685895739613654,Medium
96,Argentina,Pass,0.7685895739613654,Medium
96,Argentina,Pass,0.7688541942312781,Medium
96,Argentina,Carry,0.7689865043662345,Medium
96,Argentina,Pass,0.7691188145011908,Medium
96,Argentina,Pass,0.7692511246361471,Medium
96,Argentina,Carry,0.7692511246361471,Medium
96,Argentina,Carry,0.7696480550410162,Medium
96,Argentina,Pass,0.7699126753109288,Medium
97,Argentina,Pass,0.7707065361206669,Medium
97,Argentina,Pass,0.773881979359619,Medium
97,France,Carry,0.7741465996295316,Medium
97,France,Pass,0.7753373908441387,Medium
97,Argentina,Pass,0.7759989415189203,Medium
97,Argentina,Carry,0.776263561788833,Medium
97,France,Carry,0.776660492193702,Medium
97,France,Pass,0.7767928023286583,Medium
97,France,Pass,0.7769251124636147,Medium
97,France,Pass,0.777057422598571,Medium
97,France,Pass,0.7777189732733527,Medium
97,France,Carry,0.7778512834083091,Medium
98,France,Pass,0.7781159036782217,Medium
98,France,Carry,0.7782482138131781,Medium
98,France,Pass,0.7783805239481344,Medium
98,France,Carry,0.7786451442180471,Medium
98,Argentina,Pass,0.7789097644879598,Medium
98,France,Carry,0.7790420746229161,Medium
98,France,Pass,0.7795713151627415,Medium
98,Argentina,Pass,0.7797036252976978,Medium
98,Argentina,Pass,0.7797036252976978,Medium
98,Argentina,Carry,0.7799682455676105,Medium
98,Argentina,Pass,0.7801005557025669,Medium
98,Argentina,Carry,0.7801005557025669,Medium
98,Argentina,Pass,0.7801005557025669,Medium
98,Argentina,Carry,0.7802328658375232,Medium
98,Argentina,Carry,0.7802328658375232,Medium
98,Argentina,Pass,0.7806297962423921,Medium
98,Argentina,Pass,0.7806297962423921,Medium
98,Argentina,Carry,0.7807621063773486,Medium
98,Argentina,Pass,0.7808944165123048,Medium
98,Argentina,Carry,0.7810267266472611,Medium
98,Argentina,Carry,0.7810267266472611,Medium
98,Argentina,Pass,0.7818205874569992,Medium
98,Argentina,Carry,0.7819528975919555,Medium
98,France,Carry,0.7819528975919555,Medium
98,France,Carry,0.7819528975919555,Medium
98,Argentina,Pass,0.7820852077269119,Medium
98,Argentina,Pass,0.7824821381317809,Medium
98,Argentina,Carry,0.7826144482667372,Medium
98,France,Pass,0.7826144482667372,Medium
98,Argentina,Carry,0.7827467584016936,Medium
98,Argentina,Pass,0.7827467584016936,Medium
98,Argentina,Pass,0.7830113786716062,Medium
98,Argentina,Carry,0.7831436888065626,Medium
98,Argentina,Pass,0.7832759989415189,Medium
98,France,Carry,0.7835406192114316,Medium
98,France,Pass,0.7838052394813443,Medium
98,France,Carry,0.7839375496163006,Medium
98,France,Pass,0.784069859751257,Medium
98,France,Carry,0.7843344800211696,Medium
98,France,Carry,0.784466790156126,Medium
98,Argentina,Pass,0.785657581370733,Medium
98,Argentina,Carry,0.7857898915056893,Medium
99,Argentina,Pass,0.7859222016406456,Medium
99,Argentina,Carry,0.7863191320455147,Medium
99,Argentina,Carry,0.7869806827202964,Medium
99,Argentina,Pass,0.7871129928552527,Medium
99,France,Pass,0.7924053982535062,Medium
99,France,Carry,0.7929346387933316,Medium
99,France,Shot,0.7930669489282879,Medium
100,France,Pass,0.7965070124371527,Medium
100,France,Pass,0.7969039428420217,Medium
100,France,Pass,0.7973008732468907,Medium
101,Argentina,Pass,0.8017994178354062,Medium
101,Argentina,Pass,0.8023286583752316,Medium
101,Argentina,Carry,0.8025932786451442,Medium
101,Argentina,Pass,0.8027255887801006,Medium
101,France,Carry,0.8029902090500133,Medium
101,France,Pass,0.8031225191849696,Medium
101,France,Carry,0.8033871394548823,Medium
101,Argentina,Carry,0.804048690129664,Medium
102,Argentina,Pass,0.8119872982270442,Medium
102,Argentina,Pass,0.8122519184969569,Medium
102,Argentina,Carry,0.8125165387668696,Medium
102,Argentina,Pass,0.8127811590367822,Medium
102,Argentina,Carry,0.8129134691717386,Medium
102,Argentina,Pass,0.8130457793066949,Medium
102,Argentina,Carry,0.8131780894416513,Medium
102,Argentina,Pass,0.8133103995766076,Medium
102,Argentina,Carry,0.813442709711564,Medium
102,Argentina,Pass,0.8135750198465203,Medium
102,France,Carry,0.8137073299814765,Medium
102,France,Pass,0.8139719502513892,Medium
102,Argentina,Carry,0.8143688806562582,Medium
102,Argentina,Pass,0.8150304313310399,Medium
102,Argentina,Carry,0.8151627414659963,Medium
102,Argentina,Pass,0.8152950516009526,Medium
102,Argentina,Carry,0.815427361735909,Medium
102,Argentina,Pass,0.8171473934903414,Medium
102,Argentina,Carry,0.8174120137602541,Medium
103,Argentina,Pass,0.8178089441651231,Medium
103,France,Pass,0.8183381847049483,Medium
103,Argentina,Carry,0.8184704948399047,Medium
103,Argentina,Pass,0.8191320455146864,Medium
103,Argentina,Carry,0.8193966657845991,Medium
103,Argentina,Pass,0.8196612860545118,Medium
103,Argentina,Carry,0.8197935961894681,Medium
103,Argentina,Pass,0.8199259063244244,Medium
103,Argentina,Carry,0.8200582164593808,Medium
103,Argentina,Pass,0.8203228367292935,Medium
103,Argentina,Carry,0.8203228367292935,Medium
103,Argentina,Carry,0.8207197671341625,Medium
103,Argentina,Pass,0.8207197671341625,Medium
103,Argentina,Pass,0.8213813178089442,Medium
103,Argentina,Carry,0.8215136279439005,Medium
103,Argentina,Pass,0.8220428684837259,Medium
104,France,Pass,0.8258798623974597,Medium
104,Argentina,Pass,0.8262767928023287,Medium
104,Argentina,Carry,0.8265414130722414,Medium
104,Argentina,Pass,0.8269383434771104,Medium
104,Argentina,Carry,0.8270706536120667,Medium
104,Argentina,Carry,0.8274675840169357,Medium
104,Argentina,Pass,0.8274675840169357,Medium
104,Argentina,Pass,0.8275998941518921,Medium
104,Argentina,Pass,0.8277322042868483,Medium
104,Argentina,Carry,0.8278645144218048,Medium
104,Argentina,Pass,0.827996824556761,Medium
104,Argentina,Carry,0.8281291346917173,Medium
104,Argentina,Pass,0.8282614448266737,Medium
104,Argentina,Carry,0.82839375496163,Medium
104,Argentina,Pass,0.828790685366499,Medium
104,Argentina,Carry,0.8289229955014554,Medium
104,Argentina,Carry,0.8290553056364117,Medium
104,Argentina,Pass,0.8290553056364117,Medium
104,Argentina,Pass,0.8290553056364117,Medium
104,Argentina,Carry,0.8291876157713681,Medium
104,Argentina,Shot,0.8293199259063244,Medium
104,Argentina,Shot,0.8295845461762371,Medium
105,Argentina,Pass,0.8335538502249272,Medium
105,Argentina,Carry,0.8336861603598835,Medium
105,Argentina,Pass,0.8338184704948399,Medium
105,Argentina,Carry,0.8340830907647526,Medium
105,Argentina,Pass,0.8343477110346652,Medium
105,Argentina,Carry,0.8344800211696216,Medium
105,Argentina,Pass,0.8350092617094469,Medium
105,Argentina,Pass,0.835803122519185,Medium
105,Argentina,Pass,0.8360677427890977,Medium
105,Argentina,Carry,0.8360677427890977,Medium
105,Argentina,Carry,0.836200052924054,Medium
105,Argentina,Pass,0.8363323630590104,Medium
105,France,Pass,0.8363323630590104,Medium
105,France,Carry,0.8364646731939667,Medium
105,Argentina,Carry,0.8364646731939667,Medium
105,France,Pass,0.836596983328923,Medium
105,France,Carry,0.8368616035988357,Medium
105,France,Pass,0.8368616035988357,Medium
105,France,Carry,0.8371262238687484,Medium
105,France,Pass,0.8372585340037046,Medium
105,France,Pass,0.8372585340037046,Medium
105,France,Carry,0.837390844138661,Medium
105,Argentina,Carry,0.837390844138661,Medium
105,France,Pass,0.8375231542736173,Medium
105,Argentina,Pass,0.8375231542736173,Medium
105,Argentina,Carry,0.8376554644085737,Medium
105,Argentina,Pass,0.83778777454353,Medium
105,France,Carry,0.8379200846784863,Medium
105,France,Pass,0.8379200846784863,Medium
105,France,Carry,0.8379200846784863,Medium
105,Argentina,Carry,0.8379200846784863,Medium
105,Argentina,Pass,0.8380523948134427,Medium
105,Argentina,Carry,0.838184704948399,Medium
105,Argentina,Carry,0.8383170150833554,Medium
105,Argentina,Pass,0.8384493252183117,Medium
105,Argentina,Pass,0.838581635353268,Medium
105,Argentina,Pass,0.8387139454882244,Medium
105,Argentina,Carry,0.8388462556231807,Medium
105,Argentina,Shot,0.8389785657581371,Medium
106,France,Pass,0.8414924583223075,Medium
106,France,Pass,0.8417570785922202,Medium
106,France,Pass,0.8420216988621329,Medium
106,Argentina,Pass,0.8425509394019582,Medium
106,Argentina,Carry,0.8428155596718708,Medium
106,Argentina,Pass,0.8430801799417835,Medium
106,Argentina,Carry,0.8432124900767399,Medium
106,Argentina,Pass,0.8437417306165652,Medium
106,Argentina,Carry,0.8440063508864779,Medium
106,Argentina,Pass,0.8441386610214342,Medium
106,Argentina,Carry,0.8442709711563906,Medium
106,Argentina,Pass,0.8444032812913469,Medium
106,Argentina,Carry,0.8446679015612596,Medium
106,Argentina,Pass,0.8448002116962159,Medium
106,Argentina,Carry,0.8449325218311723,Medium
106,Argentina,Pass,0.8454617623709976,Medium
106,Argentina,Pass,0.848372585340037,Medium
106,Argentina,Shot,0.8487695157449061,Medium
107,France,Pass,0.8543265414130723,Medium
107,Argentina,Pass,0.8548557819528976,Medium
107,France,Pass,0.8551204022228103,Medium
107,France,Pass,0.8552527123577666,Medium
107,Argentina,Carry,0.855385022492723,Medium
107,Argentina,Pass,0.8555173326276793,Medium
107,Argentina,Carry,0.8559142630325483,Medium
107,Argentina,Pass,0.8560465731675047,Medium
107,Argentina,Pass,0.8564435035723736,Medium
107,Argentina,Pass,0.8564435035723736,Medium
107,Argentina,Carry,0.8564435035723736,Medium
107,Argentina,Carry,0.8565758137073299,Medium
107,Argentina,Pass,0.8565758137073299,Medium
107,Argentina,Carry,0.8568404339772426,Medium
107,Argentina,Shot,0.856972744112199,Medium
107,Argentina,Shot,0.8571050542471553,Medium
109,France,Pass,1.7459645408838318,High
110,France,Pass,1.746493781423657,High
110,France,Carry,1.7470230219634824,High
110,France,Pass,1.7472876422333952,High
110,France,Carry,1.7480815030431331,High
110,France,Pass,1.7488753638528711,High
110,Argentina,Pass,0.8798623974596455,Medium
110,France,Pass,1.7607832759989415,High
110,France,Pass,1.7613125165387669,High
111,France,Pass,1.7631648584281556,High
111,France,Pass,1.765281820587457,High
111,France,Carry,1.765281820587457,High
111,France,Carry,1.7658110611272824,High
111,Argentina,Pass,0.8830378406985975,Medium
111,France,Pass,1.7673987827467583,High
111,France,Carry,1.7679280232865837,High
111,France,Pass,1.7679280232865837,High
111,France,Carry,1.7687218840963217,High
111,France,Pass,1.769251124636147,High
111,France,Carry,1.7697803651759725,High
111,France,Pass,1.7703096057157979,High
111,France,Carry,1.7705742259857105,High
111,Argentina,Pass,0.8858163535326806,Medium
111,Argentina,Pass,0.8860809738025933,Medium
111,Argentina,Carry,0.8862132839375496,Medium
111,Argentina,Pass,0.8866102143424186,Medium
111,Argentina,Pass,0.886742524477375,Medium
111,Argentina,Carry,0.8872717650172003,Medium
111,Argentina,Pass,0.887536385287113,Medium
111,Argentina,Carry,0.8878010055570257,Medium
111,France,Carry,1.7761312516538768,High
111,France,Pass,1.7769251124636147,High
112,Argentina,Pass,0.8934903413601482,Medium
112,Argentina,Pass,0.8941518920349298,Medium
112,Argentina,Pass,0.8962688541942313,Medium
112,Argentina,Carry,0.8964011643291876,Medium
112,Argentina,Pass,0.8966657845991003,Medium
112,Argentina,Carry,0.8967980947340566,Medium
113,France,Carry,1.795448531357502,High
113,Argentina,Carry,0.8978565758137074,Medium
113,France,Pass,1.7983593543265415,High
114,France,Pass,1.8145011907912145,High
114,France,Carry,1.8155596718708653,High
114,France,Pass,1.815824292140778,High
114,France,Carry,1.8163535326806033,High
114,France,Pass,1.8168827732204287,High
114,France,Pass,1.8179412543000795,High
114,France,Pass,1.8184704948399046,High
114,France,Carry,1.8195289759195554,High
114,France,Pass,1.8208520772691188,High
115,France,Pass,1.8351415718444033,High
115,France,Carry,1.8356708123842287,High
115,France,Shot,1.8359354326541413,High
117,France,Shot,0.929478698068272,Medium
118,Argentina,Pass,0.9367557554908706,Medium
118,Argentina,Pass,0.9370203757607832,Medium
118,Argentina,Carry,0.9371526858957396,Medium
118,Argentina,Carry,0.9372849960306959,Medium
118,Argentina,Pass,0.9374173061656523,Medium
118,Argentina,Carry,0.9376819264355649,Medium
118,Argentina,Pass,0.9378142365705213,Medium
118,France,Pass,0.9382111669753903,Medium
118,Argentina,Carry,0.938475787245303,Medium
118,Argentina,Pass,0.9386080973802593,Medium
118,Argentina,Pass,0.9386080973802593,Medium
118,France,Carry,0.9390050277851283,Medium
118,Argentina,Carry,0.9391373379200847,Medium
118,Argentina,Pass,0.9394019581899974,Medium
118,Argentina,Carry,0.9395342683249537,Medium
118,Argentina,Carry,0.9405927494046044,Medium
118,Argentina,Carry,0.9407250595395608,Medium
118,Argentina,Pass,0.9407250595395608,Medium
118,Argentina,Pass,0.940857369674517,Medium
118,Argentina,Carry,0.941254300079386,Medium
118,Argentina,Pass,0.9416512304842551,Medium
119,Argentina,Pass,0.9453559142630326,Medium
119,Argentina,Pass,0.9473405662873776,Medium
119,France,Carry,0.9477374966922466,Medium
119,France,Pass,0.948266737232072,Medium
119,France,Carry,0.9485313575019847,Medium
119,France,Pass,0.948663667636941,Medium
119,France,Carry,0.9487959777718973,Medium
119,France,Pass,0.9493252183117227,Medium
119,France,Carry,0.949457528446679,Medium
119,France,Pass,0.9499867689865044,Medium
120,France,Shot,0.9543530034400635,Medium
121,Argentina,Pass,0.9605715797830113,Medium
121,Argentina,Shot,0.960836200052924,Medium
121,Argentina,Carry,0.961233130457793,Medium
121,Argentina,Pass,0.9616300608626621,Medium
121,Argentina,Pass,0.9641439534268325,Medium
121,Argentina,Carry,0.9642762635617889,High
121,Argentina,Pass,0.9645408838317016,High
121,Argentina,Carry,0.9648055041016141,High
121,Argentina,Pass,0.9648055041016141,High
121,Argentina,Carry,0.9650701243715268,High
121,Argentina,Pass,0.9652024345064832,High
121,Argentina,Carry,0.9653347446414395,High
121,Argentina,Pass,0.9653347446414395,High
121,Argentina,Carry,0.9654670547763958,High
121,Argentina,Pass,0.9658639851812649,High
121,France,Pass,0.9659962953162212,High
121,France,Shot,0.9661286054511775,High
121,Argentina,Pass,0.9661286054511775,High
121,Argentina,Carry,0.9662609155861339,High
121,Argentina,Pass,0.9662609155861339,High
121,Argentina,Carry,0.9666578459910029,High
121,Argentina,Pass,0.9669224662609156,High
121,Argentina,Carry,0.9671870865308283,High
121,Argentina,Pass,0.9671870865308283,High
121,France,Pass,0.9675840169356973,High
121,Argentina,Pass,0.96784863720561,High
121,Argentina,Pass,0.968245567610479,High
121,Argentina,Pass,0.9683778777454353,High
122,Argentina,Shot,0.9720825615242128,High
122,France,Pass,0.9730087324689071,High
122,Argentina,Pass,0.9735379730087325,High
122,France,Carry,0.9738025932786452,High
122,France,Pass,0.9739349034136014,High
122,France,Shot,0.9743318338184705,High
122,Argentina,Carry,0.9745964540883831,High
122,Argentina,Pass,0.9747287642233395,High
122,Argentina,Carry,0.9749933844932522,High
122,Argentina,Pass,0.9751256946282085,High
122,Argentina,Carry,0.9752580047631648,High
122,Argentina,Pass,0.9752580047631648,High
122,Argentina,Carry,0.9753903148981212,High
122,Argentina,Pass,0.9756549351680339,High
122,Argentina,Carry,0.9760518655729029,High
122,Argentina,Pass,0.9761841757078592,High
122,Argentina,Shot,0.9763164858428156,High
123,France,Shot,0.9802857898915057,High
123,France,Pass,0.9812119608362001,High
123,Argentina,Pass,0.9816088912410691,High
123,Argentina,Pass,0.9820058216459381,High
123,Argentina,Carry,0.9820058216459381,High
123,France,Carry,0.9822704419158508,High
123,France,Pass,0.9825350621857635,High
123,France,Carry,0.9831966128605452,High
123,France,Carry,0.9838581635353268,High
123,France,Carry,0.9839904736702831,High
124,Argentina,Shot,0.9865043662344536,High
125,France,Shot,0.9935168033871394,High
125,Argentina,Shot,0.9998676898650437,High
